_id,review,score,university,course,upvotes,downvotes,date,courseName,courseNameShort
5a5e48a9669270001a2559fd,"Zwar grad bim erste Mal bestande. Buech vom Mahlmann und Folie vom Z√§ch glernt. Aber d‚ÄòFrage sind eifach irgend√∂ppis gsi, so m√§ngs her n√ºt mit dem Vorlesigsstoff z‚Äòtue. D‚ÄòZit isch au knapp bemesse. Und s‚ÄòBuech vom Mahlmann isch unertr√§glech l√§ngwillig. D‚ÄôVorlesige vom Mahlmann w√ºrked wie es Schlafmittel.",2,UZH,50634255,1.0,0.0,1614554229001,Introduction to Law,Introduction to Law
5a5e508dbe6796001a9d72f3,"De Stoff isch eifach, dBewertig vo de Pr√ºefig nimmt eifach usenand (linear)....uf chlini fl√ºchtigkeitsf√§hler achte",4,UZH,50740659,10.0,5.0,1518547840367,"CHE 101 Fundamentals of Chemistry, Part 1","Fundamentals of Chemistry, Part 1"
5a5e50d4be6796001a9d7305,Bestah isch Gl√ºckssach,1,UZH,50772227,1.0,1.0,1592982297313,CHE 204 Organic Chemistry II,Organic Chemistry II
5a5e5d6fbe6796001a9d74f4,Geil!,5,UZH,50030887,1.0,6.0,1516133756008,Statistik (V+√ú) (Statistics),Statistik
5a5ef34ebe6796001a9d803a,√§√§√§√§hhhmmmhmmm,3,UZH,50804822,8.0,1.0,1574929579534,BME 236 Biomedicine I,Biomedicine I
5a5f1ae7be6796001a9d9249,DO NOT ATTEND LECTURES AND JUST MEMORIZE EVERYTHING THE NIGHT BEFORE EXAM,1,UZH,50846823,1.0,0.0,1644445141718,Economic Foundations for Finance (L+E),Economic Foundations for Finance
5a5f9a288633bf001ac906d8,"d vorlesig isch eigentlich no interessant, au ned sehr schwer oder so, aber bi de pr√ºefig werded denn sache gfr√∂gt wo nur m√ºndlich mal churz erw√§hnt worde sind & d bewertig isch au so streng, sodass e gueti note gar ned m√∂glich isch (wenn mer normal lernt)üôÉ",2,UZH,50618832,2.0,0.0,1656336122619,Interdisziplin√§re Sichtweisen zur Frage der Verantwortung und die (Dys-) Funktionen der Finanzm√§rkte (L) (Interd. point of view on the question of responsibility and the (dys-) functions of the financial markets),Interdisziplin√§re Sichtweisen zur Frage der Verantwortung und die
5a5fbff28633bf001ac90f90,ziemlich trocken...,2,UZH,50796407,2.0,0.0,1516224520799,120 Test theory,Test theory
5a609c99e9399e001ac53c3c,"Mikro ok, Rest katastrophal",2,UZH,50033813,1.0,0.0,1516919609842,"BIO 132 Microbiology, Immunology, Virology","Microbiology, Immunology, Virology"
5a609f4ce9399e001ac53dae,"ahspruchsvoll aber guete ufbau, fairi pr√ºefig",4,UZH,50795623,5.0,2.0,1516919005750,BIO 134 Programming in Biology,Programming in Biology
5a609f9de9399e001ac53dcc,"seehr interessant, van Schaik isch en entertainer. Pr√ºefig recht schwer",5,UZH,50028970,0.0,0.0,1516919158532,BIO 215 The evolution of human nature,The evolution of human nature
5a61c1f8f92ac7001a6e9860,Spannender als 1. Semester GPC.,5,UZH,50373218,2.0,0.0,1516356118084,"CHE 112 Basic Laboratory Course in Chemistry, Part 2","Basic Laboratory Course in Chemistry, Part 2"
5a620761f92ac7001a6eb903,R√ºhli ‚ù§,4,UZH,50740989,1.0,0.0,1534803185337,BIO 437 Human Adaptation,Human Adaptation
5a6212d6f92ac7001a6ebe30,Sehr schwierig,2,UZH,50450291,3.0,0.0,1518700291881,MAT 221 Analysis III,Analysis III
5a623898f92ac7001a6ecad5,Sehr interessante Themen,5,UZH,50849242,0.0,0.0,1516386478131,"Wahlpflichtvorlesung: Digitalisierung, Privatsph√§re und √ñffentlichkeit: Kommunikationswissenschaftliche Perspektiven","Digitalisierung, Privatsph√§re und √ñffentlichkeit"
5a62fe85f92ac7001a6ee08e,eif √∂pis,3,UZH,50636119,0.0,0.0,1631192240821,Sociology of Law & Law and Religion,Sociology of Law & Law and Religion
5a63546c54f060001af5b752,"Sehr spannende Stoff, aber eher ufwendig und viel. Si isch aber u nett (git gnaui lernziel) und pr√ºefig isch sehr gstellt und benotet.",4,UZH,50019264,2.0,0.0,1624277964724,CHE 325 Solid State and Materials Chemistry,Solid State and Materials Chemistry
5a6354ae54f060001af5b772,das modul isch eifach √∂pis,2,UZH,50772464,3.0,0.0,1556044800205,CHE 326 Advanced concepts of Physical Chemistry I,Advanced concepts of Physical Chemistry I
5a6393b054f060001af5c4eb,Caramani ‚ù§Ô∏è,5,UZH,50344939,5.0,1.0,1530175653780,Core Competence: Introduction to Comparative Politics,Core Competence
5a6617866e7c4f001abb9432,Go Luchsi!,5,UZH,50026113,4.0,1.0,1516640161398,MAT 183 Stochastics for Natural Sciences,Stochastics for Natural Sciences
5a68edd6c9e055001ac8d8f2,Basler isch liebi. Hengartner hett gern David Guetta,5,UZH,50742524,8.0,2.0,1516826134460,BIO 111 Molecular and Classical Genetics,Molecular and Classical Genetics
5a691aea1053f0001a84ed3e,Gehorknochelchen ‚ô•Ô∏è schweizdrusen ‚ô•Ô∏è sanchez isch superüòç,5,UZH,50773442,14.0,0.0,1516837663817,BIO 121 Evolution and Biodiversity II: Vertebrates and Plants,Evolution and Biodiversity II
5a6a146c1053f0001a853879,Pretty decent,4,UZH,50030887,0.0,3.0,1516901502441,Statistik (V+√ú) (Statistics),Statistik
5a6f82414adcfd001aa2688c,"Eigentlich mega interessant, aber de Ufwand isch viel gr√∂sser als 3ECTs und d'Pr√ºefig isch eifach √∂pis.",3,UZH,50031680,1.0,0.0,1517257330869,BIO 112 Cell Biology,Cell Biology
5a706baa4adcfd001aa29dc3,Peanuts,4,UZH,50740447,1.0,0.0,1517607286977,"GEO 351 Advanced Physical Geography V, version a","Advanced Physical Geography V, version a"
5a765815b85478001a37cb42,"meh, barz ganz ok aber die pr√ºefig isch zimli dreischt gsi",2,UZH,50038004,15.0,1.0,1537796662169,Mathematik I (V+√ú) (Mathematics I),Mathematik I
5a7d6fc5356f84001ac45847,Fairi pruefig,5,UZH,50784744,6.0,8.0,1518170072417,BCH 201 Biochemistry I,Biochemistry I
5a7da56e356f84001ac46cdc,professorin isch ned guet,1,UZH,50038004,2.0,4.0,1518183815617,Mathematik I (V+√ú) (Mathematics I),Mathematik I
5a83330d69713d001a9eaf16,"De Stoff isch eifach, dBewertig vo de Pr√ºefig nimmt eifach usenand (linear)....uf chlini fl√ºchtigkeitsf√§hler achte",4,UZH,50740659,9.0,5.0,1518547840367,"CHE 101 Fundamentals of Chemistry, Part 1","Fundamentals of Chemistry, Part 1"
5a8586f60a3e9c001a9d8e8e,Sehr schwierig,2,UZH,50450291,2.0,0.0,1518700291881,MAT 221 Analysis III,Analysis III
5a85bfd00a3e9c001a9da074,Gloor isch eifach super!,4,UZH,50784744,4.0,1.0,1518714895720,BCH 201 Biochemistry I,Biochemistry I
5a967cee134658001a428ef3,Ja bois es isch ok,5,UZH,50033844,0.0,0.0,1519811835857,POL Tutorial in Molecular Cell Biology,POL Tutorial in Molecular Cell Biology
5aa99276c1bcc7001a8d514a,"De Frank isch en coole Prof, Pr√ºefig isch aber brutal schwierig gsi, 0 Ziit ka.. Viel Stoff zum lerne ischs ned, w√ºrd s‚ÄòFach aber ned unbedingt empfehle... ",2,UZH,50045662,1.0,0.0,1521062714112,Governance (L),Governance
5adef36504cb2f001a35d8d5,Pain in the ass,2,UZH,50038002,8.0,4.0,1524560749417,Mikro√∂konomik I (V+√ú) (Microeconomics I),Mikro√∂konomik I
5af809e83960f3001a094831,Unnecessary module,2,UZH,50399188,1.0,1.0,1531209891132,"Language Skills and Culture: Advanced, Part II",Language Skills and Culture
5afd99c6db8489001a4d5e06,Easy Seminar :),4,UZH,50313886,0.0,0.0,1526569434581,Verhandlungstheorie und -praxis (S) (Negotiations and Conflict Resolution: Theory and Role Playing),Verhandlungstheorie und
5b0cead4a8fb0f001a70285c,üëèüèΩ,5,UZH,50774395,0.0,0.0,1527573224094,UWW 115 Environmental and Ecotoxicology,Environmental and Ecotoxicology
5b1036562e9548001a4f4efa,Ja piero scho geile siech haha karin geu,3,UZH,50035761,0.0,2.0,1559754044431,BCH 308 Experimental Biochemistry,Experimental Biochemistry
5b202491f4c683001a6a8c0e,M√ºhsam...,2,UZH,50780157,3.0,0.0,1528833183102,GEO 242 Human Geography IV,Human Geography IV
5b229a4bf83426001ada0d6c,Besser als Mathe I,3,UZH,50030886,3.0,2.0,1528994435087,Mathematik II (V+√ú) (Mathematics II),Mathematik II
5b22a3def83426001ada1b0d,Das Fach het sogar de Mahmoud bestandeüòÇ ,2,UZH,50030855,6.0,6.0,1535637328846,Betriebswirtschaftslehre II (V + √ú) (Business Administration II),Betriebswirtschaftslehre II
5b24ecee1c20fc001aa0f7d3,gratis pr√ºefig üëåüò©,5,UZH,50030886,4.0,14.0,1537796285457,Mathematik II (V+√ú) (Mathematics II),Mathematik II
5b24ee841c20fc001aa0f8f3,"set am beschte w√ºsse was repr√§sentativ isch, macht unrepr√§sentativsti pr√ºefig woni je gseh ha, bravo üëèüëèüëè for real tho, wichtigs fach, aber m√§ssigi vorlesig. g√∂nd immer in d √ºebig und nemed d zemefassig vo uniboard vo aafang a, demit er vertraut sind demit. denn isch halb so wild",4,UZH,50030887,28.0,3.0,1537797492480,Statistik (V+√ú) (Statistics),Statistik
5b260b5cfa9409001a492204,W√ºrd ja eig garke st√§rn g√§... sehr unh√∂flechi u demotivierendi dozentin... VL sehr trurig gstautet... faus me ws nid vrsteit isch ds dis problem w√∂u me ja w√§hrend dr VL keni frage darf steue... chemie isch ja eig spannend abr ab soere dozentin hesch eich ke spass meh dran... pr√ºefig isch sehr schw√§r egau ob de  d √ºebig vrsteisch odr nid... ,1,UZH,50767077,14.0,0.0,1529220116552,CHE 175 Fundamentals of Chemistry for Students of Biomedicine,Fundamentals of Chemistry for Students of Biomedicine
5b2905b5cc3364001a326681,Katastrophe,1,UZH,50718458,5.0,1.0,1529415103986,Elective lecture: Big Data & Social Media,Elective lecture
5b2a2f20eeda99001a4a292e,Alberto isch en geile siech,4,UZH,50772223,6.0,0.0,1529491243510,CHE 201 Inorganic Chemistry I: Chemistry of d-block elements,Inorganic Chemistry I
5b2a61629d2efb001ab9eef0,Eine vo de lieblingsmodul bisher au wenns als biomed studi n√∂d viel bringt.  Han mit selbergmachte kkarte glernt und ja pr√ºefig isch au kein horror gsi. ‚úå,4,UZH,50031543,5.0,0.0,1529504195086,BIO 122 Animal Behaviour,Animal Behaviour
5b3ba3b56d405b001abdd28c,"Mer bechunt chli en iblick, wenn mer nonie was programmiert h√§t isches denki recht heftig. Pr√ºefig isch echt hart, de schnitt wird eifach heftig apasst.",3,UZH,50628703,0.0,0.0,1530635327778,BIO 334 Practical Bioinformatics,Practical Bioinformatics
5b3cb6d0f07b02001a04cec1,"Dozent isch mega l√§ssig, und voll begeistert vo dem won er macht. vil experiment. bro-tipp vo mir: fanget fr√ºeh ah mit em spick f√ºr t‚Äòpr√ºefig (4 siite erlaubt) und probieret demit t‚Äò√ºbeige z‚Äòl√∂se",4,UZH,50776501,5.0,2.0,1530705677466,PHY 124 Physics for Biomedicine,Physics for Biomedicine
5b3fd42aa75691001a14af9e,kack modul,2,UZH,50821734,3.0,0.0,1531138439289,Business Informatics I (L+E) (Wirtschaftsinformatik I),Business Informatics I
5b462b96af6bcc001af1db86,Willk√ºrlich,1,UZH,50033938,1.0,0.0,1531325350201,Logistikmanagement (V) (Logistics Management),Logistikmanagement
5b9a4cb23e04df001ac57070,Aso so √∂ppis. Gugus,2,UZH,50019546,4.0,1.0,1536838846707,Data Warehousing (L),Data Warehousing
5ba0fe6676cbee0019f171a9,Luchsi Love ‚ù§Ô∏è‚ù§Ô∏è‚ù§Ô∏è‚ù§Ô∏è,5,UZH,50026113,6.0,7.0,1537277553545,MAT 183 Stochastics for Natural Sciences,Stochastics for Natural Sciences
5ba8ea8e9432d400197a89a2,"lohnt sih ned die vorlesig, lieber selber √ºebige us em buech l√∂se",1,UZH,50821425,3.0,0.0,1537796964220,Foundations of Computing I (L+E) (Formale Grundlagen der Informatik I),Foundations of Computing I
5ba8ef2b9432d400197a8fe2,wenn mer scho info studiere ischs absolut unn√∂tig... de prof isch aber nice,2,UZH,50792030,12.0,4.0,1537797981449,Informatik und Wirtschaft (V) (Informatics and the Economy),Informatik und Wirtschaft
5bcdc037f639a00019257ed5,boring af,1,UZH,50898114,1.0,3.0,1540210798954,UWW 101 The Science Behind Biodiversity,The Science Behind Biodiversity
5bd855a7f805f200194d3254,Beste Kurs ever!,5,UZH,50907688,0.0,0.0,1540904384707,Herbivore-Plant Interactions,Herbivore-Plant Interactions
5be3de5514aab6001b108a09,Terribile.. ,1,UZH,50037611,0.0,0.0,1541660259768,Communication and Interaction Course,Communication and Interaction Course
5be5ea05103626001b2e4e4d,"Sehr en tolle, liebe Dozent,ganz √§ fairi Pr√ºfig! Wenn man d'√úbige macht und au verstoht isch Pr√ºfig sehr gut machbar. Au lieb vo ihm, dass er Wandtafle amel uf Olat stellt!",4,UZH,50776501,2.0,1.0,1541794501502,PHY 124 Physics for Biomedicine,Physics for Biomedicine
5beb6413570cfb001bb57d1a,gschenkti note,5,UZH,50799723,2.0,0.0,1542233343271,Interaktive Marketingkommunikation (VU) (Interactive Marketing Communication),Interaktive Marketingkommunikation
5c02b30d221fe3001b6d9ae0,fix 5 sternli verdient,5,UZH,50560527,2.0,0.0,1547006220458,"BIO 372 Virology: Methods in Molecular Biology, Pathogenesis, and Control of Human Viruses",Virology
5c057dc0f14149001b68af7a,"Das isch gugus...gugus gsi, gugus geblieben, mit  G G G...und gurke fangt au mit G ah...  PS: me bestaht au ohni die letschti (unn√∂tig langi) ufgab zl√∂se, efach immer awesend si und die erste 3 ufgabe vern√ºnftig l√∂se üëåüèº denn liit de gsamti ufwand ‚Äì ohni d √ºebigsstunde ‚Äì bi √∂be 2.5h üòÅ",1,UZH,50789189,43.0,2.0,1547114100914,Einf√ºhrung in das wissenschaftliche Arbeiten (√ú) (Introduction to scientific working),Einf√ºhrung in das wissenschaftliche Arbeiten
5c065361f14149001b68de5c,Ez,4,UZH,50031228,0.0,0.0,1548345835662,BCH 203 Practical course in Biochemistry,Practical course in Biochemistry
5c1187d005d5d7001b8f855a,No organisation,2,UZH,50773478,1.0,0.0,1544652779248,BIO 123 Quantitative and Molecular Systems Biology,Quantitative and Molecular Systems Biology
5c1187fb05d5d7001b8f856e,No organisation,5,UZH,50747139,0.0,0.0,1544652795384,PHY 117 Physics for Life Sciences,Physics for Life Sciences
5c1a50e2942fba001bcf1bcd,Katastrophe,1,UZH,50840898,1.0,2.0,1545228548535,Management of Strategic Corporate Transactions (L),Management of Strategic Corporate Transactions
5c1c2dcabe7f44001bd21c15,Pas tr√®s int√©ressant.,2,UZH,50898968,0.0,0.0,1545350686837,028 French Linguistics (Course): Syntax and semantics of the clause,French Linguistics
5c1e6466ad071e001c2c2708,Pr√ºefig isch viel viel schwieriger als die probepr√ºefige ,1,UZH,50038001,48.0,7.0,1545495699490,Financial Accounting (L + E),Financial Accounting
5c3517f793ac7c001ca27265,Barz isch ganz ok ,4,UZH,50038004,11.0,6.0,1546983477087,Mathematik I (V+√ú) (Mathematics I),Mathematik I
5c3778b434e682001c341210,isch oke,3,UZH,50030855,0.0,2.0,1547139271283,Betriebswirtschaftslehre II (V + √ú) (Business Administration II),Betriebswirtschaftslehre II
5c3861a834e682001c34e540,"De dozent isch top, de stoff isch interessant und machbar, dpr√ºefig isch fair; seinzige problem isch, das nur de vl stoff drachunnt und das wome sich selber erarbeitet (lekt√ºre) het nur selte abgfragt wird.",5,UZH,50483494,5.0,1.0,1547199039249,Pr√ºfung: Kernkompetenz Politische Philosophie,Kernkompetenz Politische Philosophie
5c3dde33d5b710001c166093,Gueti Sach:),5,UZH,50455050,0.0,0.0,1547558495142,BIO 385 Marine Biology Course in Banyuls (F),Marine Biology Course in Banyuls
5c3dfadad5b710001c169cf2,Vorlesig bsueche isch keis muess. √úebige hend n√∂d viel met de pr√ºefig zdue.  Alti pr√ºefige l√∂se  Alles metneh,2,UZH,50026113,3.0,0.0,1547565860705,MAT 183 Stochastics for Natural Sciences,Stochastics for Natural Sciences
5c3e20946f5518001c64beea,Schrott,1,UZH,50401047,0.0,0.0,1547575457575,Elective Module: Informatics for the Masters' thesis and data analysis,Informatics for the Masters' thesis and data analysis
5c41075ff6bb49001c6eaa17,Leidr zu eifach. 9 credits send eif zvell. E gueti Note isch safu,5,UZH,50038002,3.0,31.0,1547824872877,Mikro√∂konomik I (V+√ú) (Microeconomics I),Mikro√∂konomik I
5c41e6646ebd2f001c2bf1e7,"Interessante VL, gut machbar. ",4,UZH,50902199,0.0,0.0,1547822709414,Elective lecture: Political Communication in the Public Sector,Elective lecture
5c4451badfba3f001cf1b16f,Vill zvill stoff! ,2,UZH,50635804,5.0,2.0,1547981265218,"Civil Law II (Contract Law Specific Contracts, Property Law, Family Law, Inheritance Law)",Civil Law II
5c448e6f7236dc001c4d55c7,chillig,5,UZH,50675407,0.0,0.0,1547996791883,TOEFL test preparation B2-C2 (semester weeks 8-14) (English),TOEFL test preparation B2-C2
5c473f8bd5cd47001cbd22bc,Zviel ufwand,2,UZH,50038000,0.0,0.0,1548173220696,Betriebswirtschaftslehre I (V + √ú) (Business Administration I),Betriebswirtschaftslehre I
5c481e49d5cd47001cbd9733,Sanchez isch de bescht. Pfl√§nzli naja ü§£,5,UZH,50773442,3.0,0.0,1548230246102,BIO 121 Evolution and Biodiversity II: Vertebrates and Plants,Evolution and Biodiversity II
5c48552cd5cd47001cbde2a6,isch mer chli vor cho wie imne schlechte zirkus,1,UZH,50038000,2.0,1.0,1548244311929,Betriebswirtschaftslehre I (V + √ú) (Business Administration I),Betriebswirtschaftslehre I
5c497dd9aaf8a6001c7723f3,De prof isch toll und d vorlesige sind spannend - nume ischd pr√ºefig vil komplizierter gsi als d frage vo de probepr√ºefig. Aber an und f√ºr sich guet machbar :),5,UZH,50038001,6.0,0.0,1548320321779,Financial Accounting (L + E),Financial Accounting
5c4ac9260f904e001c27d883,"Vorlesig isch relativ schlecht organisiert, √úebigsgruppe w√ºrded viel meh bringe. Zelder chan n√∂d so guet erkl√§re, git sich aber m√ºeh und isch bereit, Frage z beantworte wenn me uf ihn zue chunnt. Selber Literatur no aluege isch wichtig. ",3,UZH,50772223,6.0,2.0,1548405228190,CHE 201 Inorganic Chemistry I: Chemistry of d-block elements,Inorganic Chemistry I
5c4aefcc0f904e001c280cc3,Katastrophe,1,UZH,50046381,2.0,2.0,1548414940444,BWL III (V+√ú) (Business Administration III),BWL III
5c4c2bfc6110a5001c61f19d,Robinson beste,5,UZH,50047888,1.0,0.0,1548495879430,CHE 172 Organic Chemistry for the Life Sciences,Organic Chemistry for the Life Sciences
5c4dc38bddd2d4001c1c3ef3,besser als bwl 1 :),4,UZH,50030855,1.0,1.0,1548600225394,Betriebswirtschaftslehre II (V + √ú) (Business Administration II),Betriebswirtschaftslehre II
5c4e47b9dd45db001c85dde5,Aufwand und Ertrag isch Katastrophe,1,UZH,50031680,0.0,0.0,1548634105679,BIO 112 Cell Biology,Cell Biology
5c5194f0ccaaf5001c0b8cd3,"Schweri pr√ºefig, aber sehr fair korrigiert worde. s fach isch recht spannend und es het podcasts. ",4,UZH,50045662,4.0,0.0,1548850466940,Governance (L),Governance
5c51dbd1ccaaf5001c0c18d1,De Ulf ish en mega guete Prof und gstaltets Fach spannend. D‚Äòpr√ºefig isch recht √§hnlich wie die vo de letshte jahr und d‚Äò√ºebigsstunde sind sehr hilfriich gsi. De ordner vo mikro het mer ebefalls wiiterghulfe. ,5,UZH,50038002,12.0,2.0,1548868717399,Mikro√∂konomik I (V+√ú) (Microeconomics I),Mikro√∂konomik I
5c52f53098a84a001c65808e,üëåüëåüëå,5,UZH,50772394,2.0,1.0,1548940622786,CHE 154 Physical Chemistry I for the Life Sciences,Physical Chemistry I for the Life Sciences
5c5303a798a84a001c659434,"velli seget es isch unn√∂tig, aber es goht eif drum es w√ºsse zvermittle, wie informatik und wirtschaft zemmehengit und das isch sehr wichtig. f√ºr informatiker ischs sicher unn√∂tig. pr√ºfig isch fair gsi und vorlesige spannend gstaltet mit podcast.",5,UZH,50792030,3.0,9.0,1548945302719,Informatik und Wirtschaft (V) (Informatics and the Economy),Informatik und Wirtschaft
5c53206d98a84a001c65badc,üöÆ‚úîÔ∏è,1,UZH,50840771,2.0,0.0,1548951699252,Software Construction (L+E) (Softwarekonstruktion),Software Construction
5c5320fe98a84a001c65bb9c,"Fach isch Top, Frank isch Top, Podcast au Top, wa wetsch meh? (Ziit bi de Pr√ºefig üòµ)",5,UZH,50045662,5.0,1.0,1548951987714,Governance (L),Governance
5c546b31347055001c6d432e,Dozent isch de hammer!!!,5,UZH,50772394,3.0,1.0,1549036395782,CHE 154 Physical Chemistry I for the Life Sciences,Physical Chemistry I for the Life Sciences
5c55a0412f790f001c4e9bea,"stoff isch oke, vorlesig aber teils zum ihschlafe. ",3,UZH,50738685,1.0,0.0,1549115512182,"GEO 112 Human Geography I (One earth, many worlds)",Human Geography I
5c55a1622f790f001c4e9cc2,"viel ufwand, aber spannend. vieeel zwenig ziit ahde pr√ºfig isch aber es problem. ",3,UZH,50738480,0.0,0.0,1549115800347,GEO 113 Remote Sensing and Geographic Information Science I (Earth Perspectives),Remote Sensing and Geographic Information Science I
5c56b418fb6f52001c6b788e,ü§∑üèº‚Äç‚ôÄÔ∏è ,2,UZH,50047387,0.0,0.0,1549186157279,Einf√ºhrung in die empirische Wirtschaftsforschung (V+√ú) (Introductory Econometrics),Einf√ºhrung in die empirische Wirtschaftsforschung
5c597c40896c29001c11458c,üëçüèΩ,5,UZH,50451568,1.0,0.0,1549368414940,AST 201 Introduction to Astrobiology,Introduction to Astrobiology
5c5abdecf265a5001c57bf09,kackmodul,1,UZH,50332398,9.0,21.0,1549450739473,Lineare Optimierung (V) (Linear Programming),Lineare Optimierung
5c5b1912422718001c51abcc,L√©g√®re #Ehrenulf,5,UZH,50038002,10.0,0.0,1549474073080,Mikro√∂konomik I (V+√ú) (Microeconomics I),Mikro√∂konomik I
5c5b668b422718001c51f51a,"machbar wenn mer de kurs vom markus bsuecht. d vorlesig bringt leider ned viel, da macht mer lieber d √ºebige vum storrer und list s z√ºg selber nah. mer s√∂tt au unbedingt alti pr√ºefige aaluege um √ºebig z gw√ºnne. ",4,UZH,50026110,0.0,0.0,1549494041045,MAT 182 Analysis for Natural Sciences,Analysis for Natural Sciences
5c5c60fa5112ef001c6b4f10,"Arbeitsufwand vegliche mit ECTS isch l√§cherlich. I han mi ziemlich sicher gf√ºhlt vor de Pr√ºefig aber d Froge selber hani oft m√ºesse rote. Eigentlich w√§r interessants Z√º√ºg debi, aber so wies umgsetzt wird isch frogw√ºrdig...",2,UZH,50031680,5.0,1.0,1549558083431,BIO 112 Cell Biology,Cell Biology
5c5d28105112ef001c6bd2f4,Es isch sehr ee spannends Fach. De Arbeitsufwand isch aber im Vegliich zu de Credits v√∂llig unverh√§ltnism√§ssig. Mit gnueg fr√ºeh und gnueg viel lerne ischs aber machbar. (Details lerne isch wichtig!),3,UZH,50031680,0.0,0.0,1549609184762,BIO 112 Cell Biology,Cell Biology
5c5d32db5112ef001c6bdc93,"Vl isch voll ok, unterlage strukturiert und kompakt. Zelder hilft wenn mer fragt. Buech hilft aber ned notwendig.",4,UZH,50772223,0.0,0.0,1550209516843,CHE 201 Inorganic Chemistry I: Chemistry of d-block elements,Inorganic Chemistry I
5c62872b9e7208001cfd19bf,Lol was isch das fach,1,UZH,50840773,4.0,1.0,1549961006748,Computer Networks and Distributed Systems (L+E) (Kommunikationsnetze und Verteilte Systeme),Computer Networks and Distributed Systems
5c6287419e7208001cfd19c9,"Wenn mer ned scho C++ profi isch, sind √ºebige extrem ufwendig (kein verglich zu de 3ects) pr√ºefig isch def√ºr aber fair...",3,UZH,50330452,1.0,3.0,1550597558167,Fortgeschrittene Programmierung in C++ (V+√ú) (Advanced Programming in C++),Fortgeschrittene Programmierung in C++
5c666cff75a143001ceda5ba,mega langwiilig,3,UZH,50635718,1.0,1.0,1550216469321,Public Law I,Public Law I
5c68526386f82c001c3f4def,Interessante ,4,UZH,50819797,0.0,0.0,1550340723327,BIO 117 Molecular and Classical Genetics for Non-Biologists,Molecular and Classical Genetics for Non-Biologists
5c7646edbc5eb4001c069304,lis eifach slides de ischs easy ,5,UZH,50030857,1.0,6.0,1551255431490,Makro√∂konomik I (V+√ú) (Macroeconomics I),Makro√∂konomik I
5c91200583e720001ccd7083,"Das semeschter under offebar neuer f√ºehrig isch de kurs absolut chaotisch gsi, null struktur, kei √ºbersicht. De arbetsufwand isch vergliche mit anderne blockk√ºrs sehr gering, mer isch aber recht uf sich selber gstellt, gross gholfe chan n√∂d werde, nur scho wel de doz allei isch, TAs sind kei ume. So wie de kurs jetzt isch hetter max 1-2 sterne verdient und w√§r n√∂d z empfehle, da d leitig aber sehr offe f√ºr kritik gsi isch unds jedefalls so gw√ºrkt h√§t als w√ºrd das au implementiert werde, blibt offe wie das s negscht semeschter si wird... mer w√§nd mal positiv denke, drum 3 sterne.",3,UZH,50868426,4.0,0.0,1553015229142,BME 349 Clinical a electronical phenotyp,Clinical a electronical phenotyp
5caa9dd7ebc77e001cb0e2c2,Katastrophe,1,UZH,50822518,3.0,0.0,1556195319027,Makro√∂konomik II (V+√ú) (Macroeconomics II),Makro√∂konomik II
5cab1a1bebc77e001cb10aad,Genome instability isch besser. Trotzdem n√∂d schlecht will mer neui Methode kennelernt,3,UZH,50719526,0.0,0.0,1554717282452,BIO 247 Cellular Response to Genotoxic Stress,Cellular Response to Genotoxic Stress
5cb0516f3de91f001c6853fe,Langweiligggggggg,2,UZH,50922078,0.0,0.0,1555059065578,"167 Aufbaumodul II: Kolloquium Geschichte der Neuzeit (Bachelor): ""Tito - Partija!"" Wie im sozialistischen Jugoslawien Politik gemacht wurde.",Tito
5cb178f3eb946a001c6d598e,"Gschenkti credits, aber n√∂d sooo spannend, Teil 1 isch besser  ",3,UZH,50836006,0.0,1.0,1561368286619,BCH 205 Practical Course in Biochemistry II,Practical Course in Biochemistry II
5cbf5be09e84b0001c7ecae0,das modul isch eifach √∂pis,2,UZH,50772464,2.0,0.0,1556044800205,CHE 326 Advanced concepts of Physical Chemistry I,Advanced concepts of Physical Chemistry I
5cd140fd6c61c2001cc59ef5,Aufwand/Ertrag üëåüèª,5,UZH,50936685,0.0,0.0,1557217561171,Herausforderungen in der 2. S√§ule f√ºr Pensionskassen und Vollversicherungsl√∂sungen (S) (Challenges in the 2nd pillar of pension funds and insurance solutions),Herausforderungen in der 2. S√§ule f√ºr Pensionskassen und Vollversicherungsl√∂sungen
5cd1c01c6c61c2001cc5de60,Top modul,5,UZH,50774395,0.0,0.0,1557250190466,UWW 115 Environmental and Ecotoxicology,Environmental and Ecotoxicology
5cd3f0cfbec757001c666a59,Katastrophe,1,UZH,50314878,4.0,0.0,1562981232517,Managerial Accounting (V),Managerial Accounting
5cd442c622f345001cf631bb,"Junge, wie lang bruuched die, bis s endli mal d Note uuserucketüòë Es Fach f√ºr ECTS-Hunter. Lerneffekt isch chli, wenn mer nur uuf d Note uus isch - mit sehr wenig Uufwand machbar.",3,UZH,50821129,2.0,1.0,1557414755352,R - a non-technical introduction with applications to Marketing (L),R
5ce50e7c170b12001cbd26f0,"Huere langwilige stoff, marketingteil isch besser, bwl 1 skript kaufe het sich minre meinig na n√∂d glohnt",3,UZH,50038000,1.0,0.0,1558515403407,Betriebswirtschaftslehre I (V + √ú) (Business Administration I),Betriebswirtschaftslehre I
5ce698bdb237ae001cfb25aa,a…™ he…™t Ààst ådi…™≈ã f…ôÀàn…õt…™ks b åt √∞…ô k…îrs …™z Àào äÀàke…™,3,UZH,50362947,3.0,0.0,1558616320274,"Introduction to Phonetics and Phonology, for Students of English (2 ECTS)","Introduction to Phonetics and Phonology, for Students of English"
5ce702023552af001c7fdc17,Schwierig,1,UZH,50789189,0.0,2.0,1558643212167,Einf√ºhrung in das wissenschaftliche Arbeiten (√ú) (Introduction to scientific working),Einf√ºhrung in das wissenschaftliche Arbeiten
5ce955b70cea19001c8ca670,Easy vell glehrt ond es 3.5 bisseguet,1,UZH,50932856,2.0,0.0,1562402307664,Core elective lecture: Social Integration by Media,Core elective lecture
5ceaf4c234340d001c0079a2,Ulf isch Lebe ,4,UZH,50038002,4.0,0.0,1558901968634,Mikro√∂konomik I (V+√ú) (Microeconomics I),Mikro√∂konomik I
5cebb8c734340d001c00afa7,ba…™ f…ôÀànet…™ks. siÀê juÀê Àànev…ô. <3,4,UZH,50362947,1.0,0.0,1559728576015,"Introduction to Phonetics and Phonology, for Students of English (2 ECTS)","Introduction to Phonetics and Phonology, for Students of English"
5cf781fc18dfce001cc1f672,Anna √§r b√§sta!,5,UZH,50635991,0.0,0.0,1559724623851,268 Sprachmodul 3: Fortgeschrittene II Schwedisch (PR),Fortgeschrittene II Schwedisch
5cf7f52918dfce001cc24bfc,Ja piero scho geile siech haha karin geu,3,UZH,50035761,0.0,1.0,1559754044431,BCH 308 Experimental Biochemistry,Experimental Biochemistry
5cfc015eb8fd9b001c2d1f73,Sotomo,3,UZH,50478020,3.0,0.0,1560529870640,GEO 126 Geography of Switzerland,Geography of Switzerland
5cfe387db9e9b9001c5c279d,"not great, not terrible",3,UZH,50957489,1.0,0.0,1566051997553,"Python - A non-technical introduction to big data techniques, team work and interactive visualization with applications to Marketing (L)",Python
5d00cc848aa9a0001ce2cb7d,"Nie i de VL gsi, 4T√§g vorher glernt und bestande.  Eher en bewies daf√ºr wie sehr es e Lotterie isch, und ned das d'Pr√ºefig eifach isch.  Ka ahnig wie das m√∂glich gsi isch. (aber ebe, ned ufgeh wer es schlechts gf√ºhl het :)  Frage w√ºckli sehr genau lese. 1wort unds isch gad falsch. ",3,UZH,50031680,1.0,1.0,1560333951754,BIO 112 Cell Biology,Cell Biology
5d0130b914b0c6001c9e0340,Mogicabro,5,UZH,50537185,2.0,1.0,1560707608393,Unternehmens-Standardsoftware (V) (Business- Standardsoftware),Unternehmens-Standardsoftware
5d03b141452355001c7f4976,Wieso duret korrektur so lang?,1,UZH,50313975,6.0,0.0,1560959077124,BIO 236 Botanical Half day Excursions (FS),Botanical Half day Excursions
5d04316697cd24001cfc1267,Ralph Mogicato - bester Mann!,5,UZH,50537185,1.0,0.0,1560555903925,Unternehmens-Standardsoftware (V) (Business- Standardsoftware),Unternehmens-Standardsoftware
5d080aa7a514ad001cc910f8,Guets skript gueti √ºebige fairi pr√ºefig Vorlesig bini nid gsi ,4,UZH,50030886,2.0,1.0,1560808206861,Mathematik II (V+√ú) (Mathematics II),Mathematik II
5d084c39a514ad001cc91b5f,S‚Äôguete isch das nach dere pr√ºefig au dr auer auer letscht sini jungfr√§ulichkeit verlore het...,2,UZH,50314925,13.0,1.0,1560825213981,Asset Pricing (V+√ú),Asset Pricing
5d0b094718d258001cada306,"Not great, not terrible",3,UZH,50575640,0.0,0.0,1561118480806,Economic Crimes & Corporate Resilience (L),Economic Crimes & Corporate Resilience
5d0ba57418d258001cae5c5f,unn√∂tig,1,UZH,50636262,0.0,0.0,1561044351844,Military Criminal Law,Military Criminal Law
5d0cc9d2a2f002001c66c168,barz isch super,4,UZH,50030886,2.0,2.0,1561119210650,Mathematik II (V+√ú) (Mathematics II),Mathematik II
5d0cc9f3a2f002001c66c194,barz isch super,4,UZH,50820164,0.0,7.0,1561119222561,Banking and Finance II (L+E),Banking and Finance II
5d10fbeedde843001c2f506a,Nie wieder!,2,UZH,50030855,0.0,0.0,1561394192193,Betriebswirtschaftslehre II (V + √ú) (Business Administration II),Betriebswirtschaftslehre II
5d1101fadde843001c2f57ad,Langweilige Experimente.,2,UZH,50740663,0.0,0.0,1561395727689,CHE 171 Basic Laboratory Course in Chemistry for the Life Sciences,Basic Laboratory Course in Chemistry for the Life Sciences
5d138c21994651001c038044,Es war ok. Keine hervorragende Vorlesung,3,UZH,50030855,0.0,1.0,1561562171337,Betriebswirtschaftslehre II (V + √ú) (Business Administration II),Betriebswirtschaftslehre II
5d148aff00270c001cf0f8e4,Spettacolo,5,UZH,50742524,0.0,0.0,1561627417446,BIO 111 Molecular and Classical Genetics,Molecular and Classical Genetics
5d14f5bc00270c001cf188fc,Shinabe ÂÖàÁîü„ÅØÊúÄÈ´ò„Å®ÊÄù„ÅÑ„Åæ„Åô„ÄÇ,5,UZH,50470177,0.0,0.0,1561654826590,Japanese II A1.2,Japanese II A1.2
5d15a6ab642f27001c084d0f,Ganz okey...,3,UZH,50792975,1.0,1.0,1561700028697,Mikro√∂konomik f√ºr Informatikstudierende (V+√ú) (Microeconomics for Informatics),Mikro√∂konomik f√ºr Informatikstudierende
5d1b4a4a139930001c20afc5,"vorl√§sig super, es isch mehrmaus gseit worde dasses vorauem wichtig isch t prozesse und konzept z vrsta, das isch n√§r ir pr√ºefig eher zure abfrag vo details worde. fingi chli schad, uf jede fau schwirigi pr√ºefig!",4,UZH,50031679,1.0,1.0,1562069766643,BIO 143 Neurobiology,Neurobiology
5d1dcab83d5e6e001cf8ec77,Absolut gr√∂sst Witz vome Modul! Pr√ºefig isch reini Gl√ºckssach und het mit W√ºsse absolut n√ºt z tue. Wemmer n√∂d die gliich Denk- bzw. Intepretationswiis wie de Dozent het isch mer komplett ufgschmisse! ,1,UZH,50780596,12.0,3.0,1562233676388,BIO 124 Introduction to ethics and philosophy of biology,Introduction to ethics and philosophy of biology
5d2731b3f515bb001cb10c10,An alli wo das sp√∂ter mached: -latente steuern -dcf / eva -multiples -venture capital Single choice ca 20-30% vo dem was mer uf olat findet Multiple choice relativ ahspruchsvoll. Pr√∂ffig guet machbar wenn mer d IAs cha und d √ºebige gmacht het. Au guet machbar wenn mer kei ahnig vo bilanze und finance allgemein het...,4,UZH,50019572,5.0,1.0,1562849887686,Unternehmensbewertung und M&A (L+E) (Valuation of the firm and M&A),Unternehmensbewertung und M&A
5d279039f515bb001cb15ee0,"good lecture, wierd exam, low grades. mandatory.",3,UZH,50392757,0.0,0.0,1562873992133,Advanced Microeconomics 2 (L+E),Advanced Microeconomics 2
5d2cf958476bd1001c9576e3,"Sehr aspruchvolles modul und viel ufwand im verglich zu andere F√§cher. Aber wenn me mal dinne isch machts spass, isch eifach r√§cht hochs niveau.",4,UZH,50820918,1.0,0.0,1563228598467,Introduction to Practical Philosophy. Introduction to Metaethics,Introduction to Practical Philosophy. Introduction to Metaethics
5d302572342f64001c2df622,Great prof!,5,ETH,151-0621-00L,0.0,0.0,1563436417152,Microsystems I: Process Technology and Integration,Microsystems I: Process Technology and Integration
5d30a905cf3df9001c2de9cc,D Hao isch super gsi. Chli ufw√§ndig w√§hrend em Semester aber hat sich uf jede fall glohnt. Han det meh glernt als i andere Module üòÇ,5,UZH,50666678,0.0,0.0,1563470148842,"Core area: Use, Reception, Effect (seminar)",Core area
5d4c84a0c032ad001c1fec6a,Easy 6er,5,UZH,50478020,0.0,1.0,1565295802283,GEO 126 Geography of Switzerland,Geography of Switzerland
5d6cf9e41797a1001c2cd365,"Hans sehr spannend gfunde, mit super dozente. d‚Äòpr√ºefig isch aber eher aspruchsvoll gsi",5,UZH,50031679,1.0,0.0,1567423013895,BIO 143 Neurobiology,Neurobiology
5d6f9fc9119583001c2d239b,Heinemann isch de best prof ,5,UZH,50635824,2.0,0.0,1567596516868,Trade and Business Law,Trade and Business Law
5d7c145979362f001c7f1397,Ab jetzt bringter irgend welchi analysis ufgabe. Alti pr√ºffige l√∂se und d‚Äòufgabeserie l√∂se inkl. id VL ga & storrer l√§se l√§nget N√ñD! Rep 2018 isch au irgend √∂ppis gsi ,1,UZH,50026110,1.0,0.0,1568412910396,MAT 182 Analysis for Natural Sciences,Analysis for Natural Sciences
5d80a136af4767001ce44c03,So coolüëçüèΩ,5,UZH,50320941,0.0,0.0,1568710978735,Finance with Excel (S),Finance with Excel
5d99c5c0fbc524001c47f3d9,Verstah zwar n√ºt aber de Feller isch wenigstens kein assi und versuecht uf eus iizgah ,4,ETH,401-0231-10L,1.0,0.0,1570358803607,Analysis 1,Analysis 1
5d9dfa540f5e2d001c78ee8a,ü§¶‚Äç‚ôÄÔ∏è,1,UZH,50942154,3.0,2.0,1570634355763,Core Area: Media Policy & Media Economics,Core Area Media Politics & Media Economics
5db69c841446f8001cf5515c,langwielig af,1,UZH,50038004,2.0,3.0,1572248739439,Mathematik I (V+√ú) (Mathematics I),Mathematik I
5dcda1d03ad5fc001ccb39b9,Grunds√§tzlich intressant und nid u viel ufwand aber isch doch na e schweri pr√ºefig gsi..,3,UZH,50799723,2.0,0.0,1573757430270,Interaktive Marketingkommunikation (VU) (Interactive Marketing Communication),Interaktive Marketingkommunikation
5dcdf0203ad5fc001ccb44ff,terrible!,1,UZH,50789189,1.0,0.0,1573777470157,Einf√ºhrung in das wissenschaftliche Arbeiten (√ú) (Introduction to scientific working),Einf√ºhrung in das wissenschaftliche Arbeiten
5ddf8495449ff8001c5e243d,√§√§√§√§hhhmmmhmmm,3,UZH,50804822,8.0,0.0,1574929579534,BME 236 Biomedicine I,Biomedicine I
5ddf9866449ff8001c5e2a53,"unklari pr√ºefigsfrage, komischi biespiel womer bewerte muess.... debi isch de stoff an sich n√∂d mega schwer aber d pr√ºefig eifach unfair",1,UZH,50942179,1.0,0.0,1611579847378,Basic Principles of Sociology,Basic Principles of Sociology
5de9791838b06d001eb3d9e2,Ce cours est vraiment utile par rapport √† l'√©preuve orale qui aura lieu le prochain semstre! Mme Burkhardt nous montre de bonnes techniques concernant l'analyse litt√©raire.,4,UZH,50942476,0.0,0.0,1575582139724,Modern Literature: Theories and Practices,Modern Literature
5de979e238b06d001eb3d9f1,Monsieur Trachsler est une l√©gende!,5,UZH,50956662,0.0,0.0,1575582213819,De la licorne. Petite Introduction au bestiaire m√©di√©val,De la licorne. Petite Introduction au bestiaire m√©di√©val
5dea7bacfb52dd001e723ea9,En rise g√ºsel. Verschwendeti zit.,1,UZH,50942314,1.0,0.0,1576632921812,Interactive Proseminar,Interactive Proseminar
5df28bfbdd0170001e3d9670,Dislike TA. ,1,UZH,50639518,12.0,2.0,1576176741680,Applied Empirical Methods for Business Administration (L+E),Applied Empirical Methods for Business Administration
5df33c88a5e71a001e4894bc,Freeriders paradise,2,UZH,50451643,2.0,1.0,1576221864585,Praxisf√§lle aus der Wirtschaftspr√ºfung (S) (Seminar: Selected Cases in Auditing),Praxisf√§lle aus der Wirtschaftspr√ºfung
5df3e84ea5e71a001e48ac8a,"i de pr√ºefig chund ganz vill sache wo m√ºndl. i de vorlesig gseid worde isch & d'folie sind absolut unstrukturiert, hoffe sie ch√∂nds uf n√∂chscht jahr verbessere",2,UZH,50942154,10.0,2.0,1576265904013,Core Area: Media Policy & Media Economics,Core Area Media Politics & Media Economics
5df3e906a5e71a001e48ac98,probs f√∂r de dozent,4,UZH,50942151,1.0,0.0,1578410229878,Advanced Statistics and Data Analysis,Advanced Statistics and Data Analysis
5df8b146ee91bd001e37d817,"D stund isch nutzlos, aber d √ºebige okay.",2,UZH,50462642,0.0,0.0,1576579455178,MAT 141 Linear Algebra for Natural Sciences,Linear Algebra for Natural Sciences
5df8b187ee91bd001e37d82f,"D stund isch nutzlos, aber d √ºebige okay.",4,UZH,50026113,0.0,0.0,1576579463483,MAT 183 Stochastics for Natural Sciences,Stochastics for Natural Sciences
5df98243103214001e256da5,En rise g√ºsel. Verschwendeti zit.,1,UZH,50942314,0.0,0.0,1576632921812,Interactive Proseminar,Interactive Proseminar
5df9f91096d0e2001e0013f5,Terrible ,1,UZH,50942154,0.0,0.0,1576663323884,Core Area: Media Policy & Media Economics,Core Area Media Politics & Media Economics
5dfb32870d3cd6001e636e01,"Alles, eifach alles isch nice a dem fach",5,UZH,50942132,1.0,2.0,1579263211286,Swiss Politics (Lecture),Swiss Politics
5dfccfbb7755ba001e28f694,"1. Meeega schnell korrigiert worde 2. Isch scho biz ufwendig, aber au guet machbar 3. Paar T√§g intensiv lerne langet (kei VL/√úebigsbsuech notwendig) 4. Macht na Spass, isch au vieles chli Basic-Statistik Repetition ",4,UZH,50634528,4.0,0.0,1576849629314,Advanced Managerial Accounting (VU),Advanced Managerial Accounting
5e035d6a1253ce001e36e16f,"Id VL gah isch chli unn√∂tig, aber d √ºebigsstunde sind na okei. F√ºr d pr√ºefig eifach d √ºebige durel√∂se... ",4,UZH,50634528,0.0,0.0,1577278954436,Advanced Managerial Accounting (VU),Advanced Managerial Accounting
5e0af60f99ef76001e34cde1,Interessants Thema uninteressant gmacht vode Dozentin ,3,UZH,50799174,0.0,0.0,1577776695113,UWW 153 Global Environmental History,Global Environmental History
5e0f1d8d953321001ec65168,"¬´¬†then it‚Äôs easy, just make cases¬†¬ª, everyone be likeü§í",1,UZH,50430354,5.0,0.0,1578048988319,Introduction to Game Theory (L+E),Introduction to Game Theory
5e11e26ced4bca001e72507f,s‚Äòbeste wos je hets gits,5,UZH,50029222,0.0,0.0,1578230418742,BIO 213 Sex and Biology,Sex and Biology
5e14a0e4414007001e4f6e58,probs f√∂r de dozent,4,UZH,50942151,0.0,0.0,1578410229878,Advanced Statistics and Data Analysis,Advanced Statistics and Data Analysis
5e15b34458ac11001eb13a7b,Sehr vill stoff aber en extreem fairi Pr√ºefig. Themene sind interessant gsi und d Vorlesig isch au mega guet strukturiert gsi,4,UZH,50942167,1.0,0.0,1578480494011,Core Area: Media Reception & Media Effects,Core Area Media Reception & Media Effects
5e165bd118458d001e60a053,"Solidarit√§t und Sonnenschein! üôèüèª En super Prof wo Ahnig het vo sim Gebiet unds au guet vermittle chan. Er setzt sich sehr ii und isch motivierend. Au d Pr√ºefig isch mega fair gsi! Eifach LEF‚Äòs l√∂se und Essay Frage lerne, denn ch√∂meder ohni Problem dure.",5,UZH,50942164,0.0,0.0,1578524014390,Introduction to Methods of Empirical Communication Research,Introduction to Methods of Empirical Communication Research
5e1b156441ac2c001ef0e979,120 MC komische Fragen in 60 min. No way.,1,UZH,50636593,0.0,0.0,1578833309187,Criminology,Criminology
5e1b5b6e6b1906001e1a48f4,vom ufwand her ca. s dopplete vo de credits wert aber ansonste mega spannend! bim fox lieber i die freiwillig √ºebig und d vorl√§sig def√∂r skippe! ,4,UZH,50018694,0.0,0.0,1578851305991,CHE 207 Application of Spectroscopic Methods in Chemistry,Application of Spectroscopic Methods in Chemistry
5e1c6c8ec3ff0e001e366cc3,Great prof!,5,UZH,50793285,1.0,0.0,1578921113519,Human-Computer Interaction (L+E),Human-Computer Interaction
5e1dddd820d8ff001e34e794,ganz ok. alti pr√ºefige l√∂se!,4,UZH,50038004,2.0,0.0,1579015713695,Mathematik I (V+√ú) (Mathematics I),Mathematik I
5e1e0cb6093478002274aa9b,"S englisch vode Sch√ºnemann isch e Zuemuetig, de rest isch aber sehr toll gsi",4,UZH,50804581,1.0,0.0,1580240888207,BIO 438 Methods in Human Bioarchaeology,Methods in Human Bioarchaeology
5e1e2c2b093478002274ba2c,Horrible,1,UZH,50942119,2.0,0.0,1579035706910,Advanced Statistics,Advanced Statistics
5e1ecba070f0bc0022ef5f34,De Finke isch ja en Liebe als Mensch aber sini Pr√ºefige bzw. sis Bewertigssystem isch üí©,1,UZH,50942600,1.0,0.0,1579076555325,Core field: Economic Anthropology,Core field
5e21a4cba271db0022e3f1b4,"Alles, eifach alles isch nice a dem fach",5,UZH,50942132,0.0,2.0,1579263211286,Swiss Politics (Lecture),Swiss Politics
5e238457261d9d0022f19117,Irgendwie unn√∂tig...,2,UZH,50942000,0.0,2.0,1579646442542,Introductory Course I,Introductory Course I
5e270cf855a2e800227ac618,"total un√ºbersichtlichi folie (oft au eifach us textb√ºecher usekopierti sache), skript isch volle formle und mathematische herleitige gsi.. aber schlussendlich het mer n√ºt vo dem m√ºsse ade pr√ºefig ch√∂ne.. han zwar bestande, aber s'modul isch schlecht gsi... n√§chst jahr isch professorin ja eh n√ºm im lande , viellicht wirds denn besser ü§∑üèΩ‚Äç‚ôÄÔ∏è",2,UZH,50953666,1.0,2.0,1579617777630,Topics in Open Economy Macroeconomics (L),Topics in Open Economy Macroeconomics
5e277dc2975ea40022956c99,Irgendwie unn√∂tig...,2,UZH,50942000,0.0,1.0,1579646442542,Introductory Course I,Introductory Course I
5e2cbbd74666de0022b7c80f,‚ù§Ô∏è,5,UZH,50033815,0.0,0.0,1579989989766,BIO 133 Anthropology,Anthropology
5e2db1694666de0022b7e1d4,de prof isch e legende aber die pr√ºefig isch zimmli dreist gsi..,3,UZH,50792975,2.0,0.0,1580052871190,Mikro√∂konomik f√ºr Informatikstudierende (V+√ú) (Microeconomics for Informatics),Mikro√∂konomik f√ºr Informatikstudierende
5e3078681d081f0022b3650a,Oesch isch en geile siech er git sich hert m√ºeh dass all de Stoff verst√∂nd,5,UZH,50038001,0.0,0.0,1580234891493,Financial Accounting (L + E),Financial Accounting
5e3080e31d081f0022b367bd,De Oesch isch en super dozent und gstaltet s fach einiges spannender weders eigentlich isch. ,5,UZH,50038001,0.0,0.0,1580237126682,Financial Accounting (L + E),Financial Accounting
5e32e6a0e106850022c5f593,Fairi Pr√ºefig üëç,5,UZH,50772223,2.0,0.0,1580394173645,CHE 201 Inorganic Chemistry I: Chemistry of d-block elements,Inorganic Chemistry I
5e35739f921aef0022775ee3,De  Dozent isch cool:) wenmer d √ºebige chan bestaht mer,4,UZH,50747139,2.0,0.0,1580561356543,PHY 117 Physics for Life Sciences,Physics for Life Sciences
5e42ce70416cbc0022a7919b,Good seminarüëçüèΩ,5,UZH,50873014,0.0,1.0,1581436567228,Marketing Analytics (L+E),Marketing Analytics
5e4940ffb2da790022b5b978,"Insgesamt en gueti If√ºehrig is Audit... Zvell unn√∂tigi Gastvortr√§g, de zweiti Dozent redet enorm monoton und ged√§mpft, isch denn schwierig zum wach blibe... Pr√ºefig aber fair und me het au Ziit zum Sache nacheluege (openbook)",3,UZH,50491823,0.0,1.0,1581859240504,Einf√ºhrung in die Wirtschaftspr√ºfung (VU) (Introduction to Auditing),Einf√ºhrung in die Wirtschaftspr√ºfung
5e4faa8816089c0022a1e716,Apei,3,UZH,50046381,0.0,0.0,1582279323678,BWL III (V+√ú) (Business Administration III),BWL III
5e54d0a0a5892400223e9eb8,"Sehr fairs Modul. Bis uf de Daterecht Teil, de isch m√ºll.",4,UZH,50792030,1.0,0.0,1582616768895,Informatik und Wirtschaft (V) (Informatics and the Economy),Informatik und Wirtschaft
5e6fef98e2b54f00223035e8,Huere eifachi pr√ºefig gsi,5,UZH,50033813,0.0,0.0,1584394155957,"BIO 132 Microbiology, Immunology, Virology","Microbiology, Immunology, Virology"
5ea555d3a0c98d002205bb52,"sehr vil stoff (Skript mit 300 Site), aber wenigstens langt das f√ºr d pr√ºefig und mer brucht d vorlesig ned‚Ä¶ d pr√ºefig isch ganz okay, mer het es schlechts gf√ºhl, d note isch denn aber trotzdem ganz okay, w√ºrs aber ned nomal bueche",3,UZH,50942160,1.0,0.0,1624038432351,Communication and Media Law,Communication and Media Law
5ebacb60713c5e0022c6dae3,√Ñhm-Simulator,1,UZH,50819883,0.0,0.0,1589300074056,Informatics II (V+√ú) (Informatik II),Informatics II
5ed6cc90551d470022b0704c,guet isch bwl fertig,4,UZH,50046381,0.0,0.0,1591135394844,BWL III (V+√ú) (Business Administration III),BWL III
5ed954d25328a60022857938,Beste prof,5,UZH,50038001,0.0,0.0,1591301337520,Financial Accounting (L + E),Financial Accounting
5ed954df5328a6002285793a,Beste prof,2,UZH,50046381,0.0,0.0,1591301344035,BWL III (V+√ú) (Business Administration III),BWL III
5ed954e45328a6002285793b,Beste prof,3,UZH,50427958,0.0,0.0,1591301349215,A primer in Entrepreneurship (L),A primer in Entrepreneurship
5ed954e85328a6002285793c,Beste prof,2,UZH,50821425,0.0,0.0,1591301353791,Foundations of Computing I (L+E) (Formale Grundlagen der Informatik I),Foundations of Computing I
5ed954ed5328a6002285793d,Beste prof,2,UZH,50575863,0.0,0.0,1591301358210,Marketing Management II (V),Marketing Management II
5ed954f15328a6002285793e,Beste prof,3,UZH,50491828,0.0,0.0,1591301362693,Change Management (L),Change Management
5ed954f55328a60022857940,Beste prof,4,UZH,50799730,0.0,0.0,1591301365733,Neuproduktmarketing (VU) (New Product Marketing),Neuproduktmarketing
5edd55725e2d750022011296,Bleidorn isch super! De Stoff chennt spannender sii,4,UZH,50942315,1.0,0.0,1655848481175,Personality Psychology,Personality Psychology
5ee1e66ae85f920022e50fd5,Prof Hens ehrenmann,5,UZH,50431379,0.0,0.0,1591862936009,Financial Economics (L),Financial Economics
5ee1eb1be85f920022e51178,Hens du Gott üôèüèº,5,UZH,50431379,0.0,0.0,1591864113387,Financial Economics (L),Financial Economics
5ee1ebc1e85f920022e511c1,Sehr nice sit de Hens ume isch,5,UZH,50431379,0.0,0.0,1591864293225,Financial Economics (L),Financial Economics
5ee51cde5893340022cab523,"De neui Prof isch eich no agnehm, aber dVorlesige hend n√∂d w√ºrkli Struktur. DPr√ºefig ohni Minuspunkt isch total fair und machbar gsi. ",4,UZH,50030887,0.0,0.0,1592073496800,Statistik (V+√ú) (Statistics),Statistik
5ee53356878116002207b5a3,nix mit informatik ztue. bwl -1,1,UZH,50821734,0.0,0.0,1592079262506,Business Informatics I (L+E) (Wirtschaftsinformatik I),Business Informatics I
5ee8e3f36bf0740022f69526,De hend isch da beest üòä,5,UZH,50431379,0.0,0.0,1592321043602,Financial Economics (L),Financial Economics
5ee8e4b66bf0740022f69580,das isch z√ºri und n√∂d st galle,5,UZH,50431379,0.0,0.0,1592321244196,Financial Economics (L),Financial Economics
5eea6d4a0b37f90022ee2a21,St√∂ckli katastrophal,2,UZH,50031679,0.0,0.0,1592421718702,BIO 143 Neurobiology,Neurobiology
5eefc300531f460022bc0aa6,Katastrophe,1,UZH,50031543,0.0,0.0,1592771335175,BIO 122 Animal Behaviour,Animal Behaviour
5ef2faedec2367002229b46b,Bestah isch Gl√ºckssach,1,UZH,50772227,0.0,0.0,1592982297313,CHE 204 Organic Chemistry II,Organic Chemistry II
5f0421e819c9e50022f076f9,"Theme sind zwar interessant, d‚ÄôPr√ºefig isch aber extrem streng und unfair bewertet!",3,UZH,50031849,0.0,0.0,1594106459907,BME 245 Physiology and anatomy II,Physiology and anatomy II
5f04df81f1ddf80022d49c04,Ehre Pr√ºefig gsii,5,UZH,50942153,1.0,0.0,1624442346828,Basic Theories of Communication Science,Basic Theories of Communication Science
5f083a1bd6a8950022ca7443,"Ganz ok, 1 Tag Lernufwand f√ºr 4.75. Mer chan Bonusp√ºnkt mitere praktische √úebig hole etc. Besser als BWL findi. Onlinepr√ºefig weg Corona isch aber huere komisch gsi, han eifach irgendeppis gschribe amigs. Somehow heds glich klappet.",4,UZH,50821734,0.0,0.0,1594374874477,Business Informatics I (L+E) (Wirtschaftsinformatik I),Business Informatics I
5f0c933aef823c002261d610,Easy! üëçüèΩ,5,UZH,50369984,0.0,0.0,1594659716562,"Informatics, Ethics and Society (L) (Informatik, Ethik, Gesellschaft)","Informatics, Ethics and Society"
5f437a4e6b547e00221337ff,Chillig,3,UZH,50942319,0.0,0.0,1598257761607,Computational Data Analysis,Computational Data Analysis
5f47ae3b78d3c5002214d590,recht unn√∂tigs Modul wo sie eigentli nur ihri Forschige vorstelled aber isch no interessant und d Pr√ºefig isch voll fair,3,UZH,50773478,0.0,0.0,1598533223246,BIO 123 Quantitative and Molecular Systems Biology,Quantitative and Molecular Systems Biology
5f50fa8b9c324d002215304a,Hett mer vill spannender ch√∂ne mache & d‚ÄòPr√ºefig isch e Katasgrophe gsi. ,2,UZH,50031543,0.0,0.0,1599142585636,BIO 122 Animal Behaviour,Animal Behaviour
5f5c515f86488600224b3c5b,de schilling isch bae ‚ù§Ô∏è,4,UZH,50747139,0.0,0.0,1599885713849,PHY 117 Physics for Life Sciences,Physics for Life Sciences
5f7d988c7a1c2800222654f2,Ich 5uk uuku4m5u5√∂√∂√∂√∂,4,ETH,401-0622-00L,0.0,0.0,1602066827013,Grundlagen der Mathematik II (Lineare Algebra und Statistik),Grundlagen der Mathematik II (Lineare Algebra und Statistik)
5f86b1d3049a0c0022c6462a,Lotterie ,2,UZH,50635824,0.0,0.0,1602662875881,Trade and Business Law,Trade and Business Law
5f93112ee69d890022eaa0e1,"Super gsi, top",5,UZH,50746043,0.0,0.0,1603473792798,MAT 184 Analysis for Chemistry,Analysis for Chemistry
5fa58fca8960e800222f41eb,es chunnt megaa ufs projekt drufaa! aber theorie m√ºndlich isch machbar,4,UZH,50028682,0.0,0.0,1604685821656,BIO 321 Modern Microscopy in Life Science Research,Modern Microscopy in Life Science Research
5fb774f23128490022531e33,Schwierig,2,UZH,50799723,0.0,0.0,1605858577623,Interaktive Marketingkommunikation (VU) (Interactive Marketing Communication),Interaktive Marketingkommunikation
5fda08800e7bdb002294fff7,"Sehr e fairi Pr√ºefig. Wenn mer die Grundprinzipie kennt ond paar Definitione lernt, chonnt mer guet dore! Ds Johr h√§nd sie‚Äòs neu umstellt cha. Es isch vell besser organisiert ond mer lernt w√∂rkli √∂ppis, was au im Alltag guet n√ºtzlech isch!",5,UZH,50780596,0.0,0.0,1608124714788,BIO 124 Introduction to ethics and philosophy of biology,Introduction to ethics and philosophy of biology
5fda22c00e7bdb0022950c78,"aso am afang hani d just w√ºklich n√∂d gern gha, mer isch det gsesse und denkt sich so vo was redet die frau und was isch s thema vo de vorlesig... aber wenn immer debi bisch und vil mitschribsch w√§hhrend de vorlesig, denn ergit am schluss alles mega sinn! aso min tipp fokussiered eu n√∂d uf einzelni vorlesige sondern lueged am schluss so s ganze, denn w√ºsseder was sie het wele segeüòÖ & zu de pr√ºefig chan mer sege, dass sie scho schwirig isch, aber sehr fair :) (aso definitiv n√∂d s schwirigste modul im 1. semester)",4,UZH,50942154,0.0,0.0,1608131540723,Core Area: Media Policy & Media Economics,Core Area Media Politics & Media Economics
5fdcaca6a8aa7700223bf96b,"Fach und Dozent Super, aber wie min Name scho aht√∂nt isch die Onlinepr√ºefig absolut fremd gsi vo jeglicher Menschlichkeit.  Churzzemefassig Mikro 1:   Sushi, Prosecco, Ableitig = 0",3,UZH,50038002,0.0,0.0,1608297801184,Mikro√∂konomik I (V+√ú) (Microeconomics I),Mikro√∂konomik I
5fdcad77a8aa7700223bf9a0,"chaufed s buech n√∂d, es isch komplett unn√∂tig und verwirrt nur... mer chan definitiv bessers mache mit dem geld!",3,UZH,50942164,0.0,0.0,1608297902037,Introduction to Methods of Empirical Communication Research,Introduction to Methods of Empirical Communication Research
5fe6909704888f0022d5456e,Corso utile e chiaro... esame super fattibile ,4,UZH,50942517,0.0,0.0,1608945840075,Introduction to Diachronic Linguistics and Dialectology,Introduction to Diachronic Linguistics and Dialectology
5fe742aa3a1aa10022e6f88e,Eine vode beste Dozente im Bachelor und s Fach isch sehr spannend wenn eim d Finanzm√§rkt interessiered,5,UZH,50722922,0.0,0.0,1608991462481,Asset Management: Investments (L+E),Asset Management
5fe9ffb615de4900222e087e,Unfairschti Pr√ºefig woni i 3 Johr Uni erlebt ha,1,UZH,50942179,0.0,0.0,1609170943810,Basic Principles of Sociology,Basic Principles of Sociology
5fed8ae15b074c00222b4ed8,"De Fretti isch eifach en Ehremaa. T Pr√ºefig isch mega fair und er entnimmt vill de LEFs. Me cha easy ohni s Buech bestah, wenn mer t Vorlesige aluegt und LEFs und Essay frage l√∂st!",5,UZH,50942164,0.0,0.0,1609403183447,Introduction to Methods of Empirical Communication Research,Introduction to Methods of Empirical Communication Research
5fed8b735b074c00222b4ee4,"De Inhalt asich isch ned so spannend, aber t Pr√ºefig isch trotz unmenschlichem Ziitdruck fair benotet worde. Mer bestaht au, wenn mer nur t'Escripts aluegt und im Tutorat debi gsi isch. T'Dozentin isch aber mega sympathisch und git sich M√ºeh zum Sache bi Unklarheite gnau z erkl√§re.",4,UZH,50942163,0.0,0.0,1609403387425,Academic Work,Academic Work
5ff19e7fa3a2a800222c27af,Bescht Doz√§nt.,5,UZH,50942164,0.0,0.0,1609670329760,Introduction to Methods of Empirical Communication Research,Introduction to Methods of Empirical Communication Research
6000331bcc9126002273cfe8,"Esch easy gsi. Glichi 6 Vorl√§sige wie in pmate evolution, w√∂rd grad beides mache 4 ects uf ein klatsch",4,UZH,50029222,0.0,0.0,1610625861522,BIO 213 Sex and Biology,Sex and Biology
60004480cc9126002273d531,Free ects!!!!,5,UZH,50941602,1.0,0.0,1610630286787,Phonetic Transcription,Phonetic Transcription
60059bda7edabf0022e61dce,"isch ja sch√∂n wenn mer weiss dass s SIAF es tolls institut isch und dass de doherty und de zinkernagel en nobelpriis becho hend....aber ganz ehrlich, de immunologie-teil isch skandal√∂s schlecht gsi",2,UZH,50048767,0.0,0.0,1610980421691,BCH 301 Molecular cell biology,Molecular cell biology
600778207f7f620022978ce3,"La mole di nozioni da imparare nell‚Äôarco di un solo semestre mi sembra esagerata, portando poi ad una conoscenza sommaria dei vari autori.",3,UZH,50942523,0.0,0.0,1611102364830,Italian Literature: from the Seicento to the Present Day,Italian Literature
600c444b3653aa0022ba340c,"Zwar grad bim erste Mal bestande. Buech vom Mahlmann und Folie vom Z√§ch glernt. Aber d‚ÄòFrage sind eifach irgend√∂ppis gsi, so m√§ngs her n√ºt mit dem Vorlesigsstoff z‚Äòtue. D‚ÄòZit isch au knapp bemesse. Und s‚ÄòBuech vom Mahlmann isch unertr√§glech l√§ngwillig. D‚ÄôVorlesige vom Mahlmann w√ºrked wie es Schlafmittel.",2,UZH,50634255,0.0,0.0,1614554229001,Introduction to Law,Introduction to Law
600ec190124cb700228954dc,"unklari pr√ºefigsfrage, komischi biespiel womer bewerte muess.... debi isch de stoff an sich n√∂d mega schwer aber d pr√ºefig eifach unfair",1,UZH,50942179,0.0,0.0,1611579847378,Basic Principles of Sociology,Basic Principles of Sociology
60102bf8c05eff00229e4c18,Mueme durre,3,UZH,50046381,0.0,0.0,1611672581807,BWL III (V+√ú) (Business Administration III),BWL III
60102c0cc05eff00229e4c1d,Mueme durre,4,UZH,50044544,0.0,0.0,1611672588088,Corporate Finance (L+E),Corporate Finance
6017b7d0b81aab00221ea7cd,Bisschen narzisstischer dozen,5,UZH,50941602,0.0,0.0,1612167120085,Phonetic Transcription,Phonetic Transcription
601932c2f6c7c800221c8d4e,"Es isch meeeega spannend, aber au recht ufw√§ndig. Mer muss sich t'Ziit eifach guet iteile, aber grunds√§tzlich chammer sich uf das Fach freue.",4,UZH,50941832,0.0,0.0,1612264677619,Japanese History,Japanese History
6019350bf6c7c800221c8d9a,"T'Vorlesig isch mega spannened, aber leider isch nur t'Literatur pr√ºefigsrelevant, was schad isch, will sini Pr√§sentatione sind mega sch√∂n gstaltet und t'Visuals sind eifach satisfying af. Unbedingt t'Modell und Grafike uswendig lerne, ned kenne, w√ºki uswendig ch√∂ne, die ch√∂med a de Pr√ºefig 100% und wenigi sinds ned.",4,UZH,51024655,0.0,0.0,1612264918680,From strategy to image ‚Äì secrets of successful brand communication,From strategy to image
602272016fac020022dff100,"L√∂nd eu n√∂d abschrecke vo dene wo seged, das Modul segi unm√∂glich. Isch gar n√∂d so, wenner gnueg Ziit investiered und au guet uswendig lerned (halt au Details) isch es sehr machbar! ",3,UZH,50033813,0.0,0.0,1612870292070,"BIO 132 Microbiology, Immunology, Virology","Microbiology, Immunology, Virology"
602ef53817f7150022fa217f,Ser gud,5,UZH,50821262,0.0,0.0,1613690174554,Marketing Strategy (S),Marketing Strategy
602f806a17f7150022fa2862,FoC2 isch stabil Junge,5,UZH,50047384,0.0,0.0,1635920889435,Foundations of Computing II (L+E),Foundations of Computing II
603019d417f7150022fa3925,De Jean isch es Legende aber sini Vorlesige sind w√§ge sim schlechte D√ºtsch unbrauchbar,3,UZH,50462642,0.0,0.0,1613765127638,MAT 141 Linear Algebra for Natural Sciences,Linear Algebra for Natural Sciences
603ce5f1d203b80022191816,d organisation isch a reini katastrophe !! ,3,UZH,50942159,0.0,0.0,1614603781709,Switzerland's Media System in Transition,Switzerland's Media System in Transition
603fa22e7ff2ca00225bd39b,Ser gud,5,UZH,50038001,0.0,0.0,1614783028107,Financial Accounting (L + E),Financial Accounting
603fa26c7ff2ca00225bd3a3,Veri kul!,4,UZH,50047384,0.0,0.0,1614783092534,Foundations of Computing II (L+E),Foundations of Computing II
603fa2a37ff2ca00225bd3a6,Fil peser als Mikro1,4,UZH,50822518,0.0,0.0,1614783153131,Makro√∂konomik II (V+√ú) (Macroeconomics II),Makro√∂konomik II
60464dbc13b61e0022f98b26,"Zwar spannend vom overall thema, d‚Äòtheorie wuche isch aber de t√∂ter und de kurs zimli unorganisiert",3,UZH,51028553,1.0,0.0,1618914273092,BME 363 Gene therapy from bench to bedside,Gene therapy from bench to bedside
6064e3edb06ca400224b8cbe,"Good luck, it‚Äôs not easy...",3,ETH,227-0045-00L,0.0,0.0,1617224703250,Signal- und Systemtheorie I,Signal- und Systemtheorie I
606e32ef95975e002291c368,katastrofe ,1,UZH,50314878,0.0,0.0,1617834749083,Managerial Accounting (V),Managerial Accounting
607c469ae1a67900228fcf96,One big pain in the ass,1,UZH,50048767,0.0,0.0,1618757290322,BCH 301 Molecular cell biology,Molecular cell biology
607eabbc1aae1700225916ae,"Zwar spannend vom overall thema, d‚Äòtheorie wuche isch aber de t√∂ter und de kurs zimli unorganisiert",3,UZH,51028553,0.0,0.0,1618914273092,BME 363 Gene therapy from bench to bedside,Gene therapy from bench to bedside
60a626d020b63f00229265a7,Super!,5,UZH,50923128,0.0,0.0,1621501673438,Blockchain (L+E),Blockchain
60a78217e04c96002250d45a,tipp: fokus bim lerne uf ALLES lege ,1,UZH,50575863,0.0,0.0,1621858739605,Marketing Management II (V),Marketing Management II
60b7e6cffe39e50022e1b298,"d pr√ºefig isch de absolut horror gsi. ha so viel glernt und mich w√ºrkli guet vorbereitet gf√ºhlt aber die pr√ºefig isch so unverh√§ltnism√§ssig gsi, d ziit het w√ºrkli f√ºr gar n√ºt glanget. absoluti katastrophe. die 40 minute w√ºred warschinlich n√∂d mal lange zum all ufgabe durelese geschweige denn √∂ppis beantworte. fazit: so e verarschig vonre pr√ºefig hani na gar nie gse",1,UZH,50942165,0.0,0.0,1622665097431,Introduction to Statistics and Data Analysis,Introduction to Statistics and Data Analysis
60c3248ff1bf640022883b6e,"Wie scho BF 1 top organisiert und interessant, d Excel-Pr√ºefig isch aber en Ziitdruck des Todes gsi",4,UZH,50820164,0.0,0.0,1623401674142,Banking and Finance II (L+E),Banking and Finance II
60c34635f1bf640022884296,Schlecht erchl√§rt - d vorlesig isch e zuemuetig aber leider trotzdem n√∂tig. Mached die uufgabe und quizzes es paar mal (d pr√ºefig isch recht √§hnlich) und denn chunnt das scho,2,UZH,50030887,0.0,0.0,1623410294140,Statistik (V+√ú) (Statistics),Statistik
60c483aa75378a0022afc5d2,Intensivi Wuche. Aber so spannend! M√∂cheds!,5,UZH,50933548,0.0,0.0,1623491523666,BIO 355 Practical in Zoo Biology,Practical in Zoo Biology
60c8c89879d43c00220ad5db,Mogicadabra au ide √ºebig - ehrenmann,5,UZH,50577297,0.0,0.0,1623771303427,√úbungen zu Unternehmens-Standardsoftware (Excercises: Business-Standardsoftware),Standardsoftware
60cb317f8f03f4002269453f,Organisation^-100,1,UZH,50314925,0.0,0.0,1623929231407,Asset Pricing (V+√ú),Asset Pricing
60ccdb21abb73b0022416224,"sehr vil stoff (Skript mit 300 Site), aber wenigstens langt das f√ºr d pr√ºefig und mer brucht d vorlesig ned‚Ä¶ d pr√ºefig isch ganz okay, mer het es schlechts gf√ºhl, d note isch denn aber trotzdem ganz okay, w√ºrs aber ned nomal bueche",3,UZH,50942160,0.0,0.0,1624038432351,Communication and Media Law,Communication and Media Law
60d0838106d623002226563f,"Sehr spannende Stoff, aber eher ufwendig und viel. Si isch aber u nett (git gnaui lernziel) und pr√ºefig isch sehr gstellt und benotet.",4,UZH,50019264,0.0,0.0,1624277964724,CHE 325 Solid State and Materials Chemistry,Solid State and Materials Chemistry
60d305d79d071e0022935a79,Ehre Pr√ºefig gsii,5,UZH,50942153,0.0,0.0,1624442346828,Basic Theories of Communication Science,Basic Theories of Communication Science
60d63aee7c5b5a00224f0528,Best module so far.,5,UZH,50772467,0.0,0.0,1624652542433,CHE 328 Green Chemistry,Green Chemistry
60db3161568eeb0022c4249e,Spannendi Vorlesig und de Dozent isch toll! Er isch mega begeisteret vom Thema und git eim w√ºrkli s Gf√ºhl dasser will dassmer bestaht,5,UZH,50942162,0.0,0.0,1624978001417,Advertising,Advertising
60db3326568eeb0022c42505,"Aafangs chli verwirrend gsi au wenni fin acc eig verstande gha han, aber s wichtigste isch eifach drabliibe, endi semester hets denn irgendwie glich sinn gmacht, aso l√∂nd eu n√∂d irritiere wenns aafang/mitti semester nochli harzig isch :) Dozentin & Assistente sind au sehr sympathisch",4,UZH,50873019,0.0,0.0,1624978448571,Financial Reporting (L+E),Financial Reporting
60e5beb30b2ff30022af5b79,"Was isch das xi?üòÇ mega wenig Ufwand, super easy Credits, aber au ned bsunders lohnenswert.",1,UZH,50031228,0.0,0.0,1625669340860,BCH 203 Practical course in Biochemistry,Practical course in Biochemistry
60f04d3eba52ca00222d8a69,unbedingt kapitel 6 vum storrer usdrucke und mitneh ;),3,UZH,50026113,0.0,0.0,1626361174506,MAT 183 Stochastics for Natural Sciences,Stochastics for Natural Sciences
60f350d4fccf7f0022de2770,Es isch no spannend aber eig f√ºr biomed chli unn√∂tig ..,4,UZH,50031543,0.0,0.0,1626558725619,BIO 122 Animal Behaviour,Animal Behaviour
61079ce024dabd0022bc973f,Tiptop,5,UZH,50804822,0.0,0.0,1627888874613,BME 236 Biomedicine I,Biomedicine I
610af4f91ac8a90022062d65,Topppppppp,5,UZH,50833390,0.0,0.0,1628108035990,BIO 144 Data analysis in biology,Data analysis in biology
611a4f36cf487a0022f8e11d,Fangt w√ºkki vo 0 ah. Oesch erkl√§rts super und d VL isch guet strukturiert und gstaltet. Au f√ºr √∂ppert wo nie Buchhaltig gah isch es sehr guet machbar.,5,UZH,50038001,0.0,0.0,1629114976745,Financial Accounting (L + E),Financial Accounting
613a049e2d7f850023413480,eif √∂pis,3,UZH,50636119,0.0,0.0,1631192240821,Sociology of Law & Law and Religion,Sociology of Law & Law and Religion
613a04b52d7f850023413482,eif √∂pis,1,UZH,50634255,0.0,0.0,1631192247373,Introduction to Law,Introduction to Law
613a04bb2d7f850023413483,eif √∂pis,1,UZH,50635730,0.0,0.0,1631192251301,Roman Civil Law,Roman Civil Law
61431c37b0c7570023b3a21c,Perfektes Fach bei Carol mit fairer Pr√ºfung. Plus Notebonus isch √§ g√∂nnig,5,UZH,50791765,0.0,0.0,1660255558325,Informatik I (V+√ú) (Informatics I),Informatik I
614514494ce3200023de89a7,Horrible,1,UZH,50942329,0.0,0.0,1631917136047,Psychological Assessment,Psychological Assessment
618066fcec369e0021d93c54,Selte so es miserabels Modul gha.,1,UZH,50942150,0.0,0.0,1635805065171,Advanced Methods of Empirical Communication Research,Advanced Methods of Empirical Communication Research
619b81facc4ebb0021c35d6e,"d organisation isch f√ºrd tonne, was chli ironisch isch, wills eus ja eigentlich wennd bibringe, es nutzbars, √ºbersichtlichs app zgstalte. ",1,UZH,50793285,0.0,0.0,1637581438922,Human-Computer Interaction (L+E),Human-Computer Interaction
619e4fd44efd9000213461a5,"Wenner e seminar bruched, gitt chilligers",3,UZH,50971713,0.0,0.0,1637765100976,Aktuelle Trends im Private Banking (S) (Current Trends in Private Banking),Aktuelle Trends im Private Banking
61c0faa40ddfeb0021bc4337,"Gschenkti 2 credits, all zwei wuche e chline abgab wo aber recht eifach isch (und sie lueged glaub eh nume √∂bs gmacht hesch und n√∂d √∂bs guet isch) und am schluss en 3min Votrag. De Ufwand isch extreeeem chli und paar Vorlesige sind au no ganz spannend gsi (paar au weniger)",4,UZH,50958611,0.0,0.0,1640037163610,ESS 101 Introduction to Earth System Science,Introduction to Earth System Science
61c1a4eb0ddfeb0021bc641e,"Dozent isch absolut Top,  Stoff isch sehr fair f√ºr 6credits, dklausur au fair eifach ufpasse de theorieteil isch relativ schwierig und wird sehr genau abgfrooged. absolut empfehlenswertes modul ",5,UZH,50038001,0.0,0.0,1640080746159,Financial Accounting (L + E),Financial Accounting
61d38acf18f2ad00211a96ea,Katastrophe,1,UZH,50942150,0.0,0.0,1641253595715,Advanced Methods of Empirical Communication Research,Advanced Methods of Empirical Communication Research
61d46ce3eebc7e00218aed50,Am Afang nur mit de Vorlesig isches recht schwierig gsi aber schlussendlich isch d‚Äòpr√ºefig nur rechne gsi drum sind au zu 90% d‚Äò√ºebige relevant. Trotzdem empfihl ich d‚Äòrecheufgabe ide VL au guet azluege und vorallem denn d‚Äòprobepr√ºefige!,3,UZH,50634528,0.0,0.0,1641311578683,Advanced Managerial Accounting (VU),Advanced Managerial Accounting
61d84bfc92f0be00215e1be2,Vorl√§sig unn√∂tig aber pr√ºefig isch voll fair ,3,UZH,50746043,0.0,0.0,1641565216753,MAT 184 Analysis for Chemistry,Analysis for Chemistry
61dd4a046f3cc20021c690d1,"Thema mega langwilig aber Milic machts guet. Pr√ºefig isch sehr fair und eher eifach gsi (online, zum teil ischs die glich formulierig gsi wie i de folie)",3,UZH,50942117,0.0,0.0,1641892598823,Research Logic,Research Logic
61dd71906f3cc20021c6b680,"Pr√ºefig isch ned mit de letzte Jahre verglichbar gsi, Online-Format isch d h√∂ll aber s Rezept wo mich glich durebracht het: Vorlesige ignoriere, Skript gr√∂ssteteils au  Alti Pr√ºefige>√úebige ",3,UZH,50038004,0.0,0.0,1641902622644,Mathematik I (V+√ú) (Mathematics I),Mathematik I
61e034e61875bb002107498a,"Management vorlesig und √ºabig isch eif. √ñppis, marketing vorlesig au.",2,UZH,50038000,0.0,0.0,1642083586182,Betriebswirtschaftslehre I (V + √ú) (Business Administration I),Betriebswirtschaftslehre I
61e33338129126002160c4b3,Basten nei danke ,1,UZH,50618040,0.0,0.0,1642279774887,Banking (VU),Banking
61ea41487cd6e20021dc30c0,"de 3. teil isch am spannendste gsi, de rescht sehr lw. pr√ºefig esch okay, eifach w√∂rkli guet d √ºebige aluege & lehre.",3,UZH,50046381,0.0,0.0,1654253927842,BWL III (V+√ú) (Business Administration III),BWL III
61eab4827cd6e20021dc6ee1,"cools fach, coole dozent. isch aber schwierig. pr√ºefig isch eifach √∂ppis gsi und han 45min vorher abgeh. trotzdem bestande.   g√∂nd id √ºebige (√ºebige muesme nid umbedingt scho vorher gl√∂st ha) aber fokus ir pr√ºefigsvorbereitig vorallem uf alti pr√ºefige. alli 100mal durel√∂se denn gahts und mi bestaht fix",4,UZH,50038002,0.0,0.0,1643155025381,Mikro√∂konomik I (V+√ú) (Microeconomics I),Mikro√∂konomik I
61eac1927cd6e20021dc7b97,√§√§√§√§√§hm ,3,UZH,50873074,0.0,0.0,1642774957413,BIO 228 Evolutionary Medicine,Evolutionary Medicine
61eb136003c95b002186b921,Beschti professor,5,UZH,50038001,0.0,0.0,1642795885922,Financial Accounting (L + E),Financial Accounting
61ec56be03c95b002186f56b,d profs sind teils chli schlaftablette dorom passts guet zum modul aber sost isch es w√∂ki spannend gsii & d pr√ºefig voll fair,4,UZH,50029259,0.0,0.0,1642878688231,BIO 333 Comparative Physiology and Pharmacology of Sleep,Comparative Physiology and Pharmacology of Sleep
61eec5521617d700213e3a56,F√ºr WR Maturanden easy,5,UZH,50038001,0.0,0.0,1643038056296,Financial Accounting (L + E),Financial Accounting
61eedd6e1617d700213e4108,"prof isch soo guet!! theme sind spannend aber recht schwierig aso ned untersch√§tze, self learning ufgabe helfet extrem aber √ºebige/tutorials eig ned soo",4,UZH,50038002,0.0,0.0,1643044261317,Mikro√∂konomik I (V+√ú) (Microeconomics I),Mikro√∂konomik I
61eeddab1617d700213e4118,"management mega langwilig und easy unn√∂tig marketing eig spannend vorallem wenn mer wn guete √ºebigsleiter het, pr√ºefig das jahr isch eig voll fair gsi",3,UZH,50038000,0.0,0.0,1643044319208,Betriebswirtschaftslehre I (V + √ú) (Business Administration I),Betriebswirtschaftslehre I
61efce47e5e2d1002105cfb9,unn√∂tig ,3,UZH,50789189,0.0,0.0,1643105868836,Einf√ºhrung in das wissenschaftliche Arbeiten (√ú) (Introduction to scientific working),Einf√ºhrung in das wissenschaftliche Arbeiten
61efce50e5e2d1002105cfbe,unn√∂tig ,3,UZH,50030887,0.0,0.0,1643105873739,Statistik (V+√ú) (Statistics),Statistik
61efce54e5e2d1002105cfc0,unn√∂tig ,4,UZH,50791765,0.0,0.0,1643105877687,Informatik I (V+√ú) (Informatics I),Informatik I
61efce58e5e2d1002105cfc4,unn√∂tig ,4,UZH,50038004,0.0,0.0,1643105881695,Mathematik I (V+√ú) (Mathematics I),Mathematik I
61f04113e5e2d1002105fc48,ez af ,5,UZH,50038001,0.0,0.0,1663534648336,Financial Accounting (L + E),Financial Accounting
61f137ed05cb0a0021314f09,Egon ‚ù§Ô∏è,5,UZH,50620657,0.0,0.0,1643198454338,The Economics of Sports: Governance and Markets (L),The Economics of Sports
61f2c925afc4cb0021ac5c53,"Branding isch en grosse Teil vom Marketing und es wird gar ned erw√§hnt, was relativ schad isch :/",4,UZH,50038000,0.0,0.0,1643301216079,Betriebswirtschaftslehre I (V + √ú) (Business Administration I),Betriebswirtschaftslehre I
61f6c825cccb660021bbb88a,1h lernufwand + 0 vorlesige = 5.5 GG EZ,5,UZH,50427958,0.0,0.0,1643563081673,A primer in Entrepreneurship (L),A primer in Entrepreneurship
61f973302f12ca0021082057,"Vorlesige scheisse, skript vom erste teil scheisse, skript vo de gallo biz besser aber schlussendlich hani helfti m√ºsse selber google √úebigsstunde sind eig no okay Pr√ºefig isch genau so cho wie‚Äôd √ºebigsfrage bzw alti bispil pr√ºefige, chamer noed reklamiere",3,UZH,50740659,0.0,0.0,1643738139782,"CHE 101 Fundamentals of Chemistry, Part 1","Fundamentals of Chemistry, Part 1"
61fa4eeb2f12ca00210839ec,"Isch chli irgend√∂ppis, viel Theme wo √§hnlich sind aber denn doch n√∂d sGliche. De Ufbau vo de Vorlesige isch au chli random. Zum Teil ischs sehr spannend, amigs denn au wieder weniger. Alles i allem hanis aber n√∂d schlecht gfunde. D Pr√ºefig isch ok gsi",4,UZH,50942114,0.0,0.0,1643794359383,Political Systems & Theories I,Political Systems & Theories I
61fd88da4cb50b00218b7082,hens eif ehre,5,UZH,50431379,0.0,0.0,1644005600595,Financial Economics (L),Financial Economics
61fff750c31b7f002102d836,"3h folie aagluegt, Ctrl f bi de pr√ºefig, kei VL bsuecht",4,UZH,50956674,0.0,0.0,1644165015181,Personal Branding and Digital Marketing (L),Personal Branding and Digital Marketing
61fff80fc31b7f002102d859,Scho eher aaspruchsvoll,4,UZH,50314925,0.0,0.0,1644165192318,Asset Pricing (V+√ú),Asset Pricing
62011927fa8b3b00213255ac,rip,4,UZH,50450305,0.0,0.0,1644239161599,MAT 602 Functional Analysis,Functional Analysis
62011989fa8b3b00213255c0,Legende prof en 5!!ü•≥,5,UZH,50747127,0.0,0.0,1644239259566,PHY 118 Physics I for natural sciences,Physics I for natural sciences
62017ce8fa8b3b0021326746,Nici = beste,5,UZH,50747127,0.0,0.0,1644264698429,PHY 118 Physics I for natural sciences,Physics I for natural sciences
62025d8c76176f0021de59c4,Good modul,5,UZH,51008896,0.0,0.0,1644322196742,Academic writing for UZH B2 (English),Academic writing for UZH B2
6202d6b276176f0021de73ea,bullshitÔºÅ,1,UZH,51062121,0.0,0.0,1644353226154,Fuzhou Fangyan yu Hanyu Putonghua de Bijiao,Fuzhou Fangyan yu Hanyu Putonghua de Bijiao
62043da67d573500219facd9,DO NOT ATTEND LECTURES AND JUST MEMORIZE EVERYTHING THE NIGHT BEFORE EXAM,1,UZH,50846823,0.0,0.0,1644445141718,Economic Foundations for Finance (L+E),Economic Foundations for Finance
6210ffedbe79800021d9043c,"S Modul isch eigentlich voll guet Machbar. S problem isch, dass s Skript viel schwerer isch und de Remi effach kei Vorlesige geh chan. Ich bin nie id √úebige was sicher en Fehler gsi isch. L√∂sed vill alti Pr√ºefige, denn chammer guet e gueti Note schriebe.",3,UZH,50462642,0.0,0.0,1645281360494,MAT 141 Linear Algebra for Natural Sciences,Linear Algebra for Natural Sciences
621e832979a5ea0021002474,"Schrecklichs Modul. Im Fox sett s Unterrichte verbote werde... Bigler isch okey. Es isch sau zytufw√§ndig und d Vorlesig ah sich bringt gar n√ºt. Mached lieber d Ufgabe und die Zuesatz-Stund, als daser d Zyt met de Vorlesig verg√ºded... ",1,UZH,50018694,0.0,0.0,1646167036439,CHE 207 Application of Spectroscopic Methods in Chemistry,Application of Spectroscopic Methods in Chemistry
623301818feb46002117880a,dreckmodul,1,UZH,50031543,0.0,0.0,1647509899511,BIO 122 Animal Behaviour,Animal Behaviour
624448c1da1e5500214293d9,"w√ºrs n√∂d nomol neh w√§rs n√∂d open book, me mue s√§tz 1:1 uswendiglerne  stoff n√∂d schwierig, es isch cool dasses podcasts het aber lerneffekt sehr t√º√ºf  wenigstens e entlastig im semester will me de kurs scho i de ferie het und d pr√ºefig mitte semester",2,UZH,50799730,0.0,0.0,1651183285849,Neuproduktmarketing (VU) (New Product Marketing),Neuproduktmarketing
625182cd1e5b0f0021918199,"Vorlesig isch guet um chli en √úberblick zbecho f√ºr die sp√§tere Semester. F√ºr dPr√ºefig eif uswendig lerne, denn isch sie easy",4,UZH,50738686,0.0,0.0,1663138193106,GEO 111 Physical Geography I (Basics and spheres),Physical Geography I
627a88934547400021688aab,"Generell kein grosse Fan vo seminar‚Ä¶ aber inhaltlich eigentlich spannend, jedoch relativ viel ufwand.  Bernard isch nice.",4,UZH,51048809,0.0,0.0,1652197567974,Seminar: Interactive Visual Data Analysis (BSc),Interactive Visual Data Analysis
62928b17c42d8000214fc01a,Richtig geiles Fach. Mis Lieblingsfach vom ganze Semester. Mir pers√∂nlich isch es no es bizelli zwenig mathelastig aber sost findis top. Allerdings find ichs schad das de Prof uf Olat ned alli Frage beantwortet sondern uf Podcasts verwiest. Es gitt ja gr√ºnd wieso mer en Frag is Olat stellt. Abgseh devo w√ºrkli empfehlenswert und Lernkurve isch sehr steil.,5,UZH,50821425,0.0,0.0,1653771204079,Foundations of Computing I (L+E) (Formale Grundlagen der Informatik I),Foundations of Computing I
629470759ce92d002151b281,"d vorlesig isch recht langwilig, wil mer praktisch alles scho mal irgendwo gh√∂rt het im studium‚Ä¶ es isch au zimlich vil stoff, wils zus√§tzlich zu de folie no mega es grosses skript git, d pr√ºefig isch au recht m√ºehsam, au mega es ratespil zum teil, d bewertig isch def√ºr extrem nett :)) ",3,UZH,50575863,0.0,0.0,1656578113205,Marketing Management II (V),Marketing Management II
62970a35b10c690021e8c9a2,"sehr interessants modul, aber ziemlich ufw√§ndig f√ºr 3 ECTS und pr√ºefig streng bewertet‚Ä¶ d joller isch halt eif d jollerü§∑üèΩ‚Äç‚ôÄÔ∏è",3,UZH,51098445,1.0,0.0,1656329841303,BME 248 Basics in Immunology,Basics in Immunology
629869734b90f600217edb00,"Minka, leleks mal wieder komplett am √ºbertiebe Amana √ßkt√ºr√ºm. Mer hett scho Zietdruck a de Pr√ºefig und es isch viel Stoff, vor allem HRM. Pr√ºefig hani aber fair gfunde. Wer ned lernt isch selber schuld, huere e≈°ek.",4,UZH,50030855,0.0,0.0,1654155758222,Betriebswirtschaftslehre II (V + √ú) (Business Administration II),Betriebswirtschaftslehre II
629efd1824820a0021ae8752,Legende Fach nie so easy credits gha,5,UZH,50314878,0.0,0.0,1654586667779,Managerial Accounting (V),Managerial Accounting
62a49d775394b10021c557c4,–ì–æ–≤–Ω–∏—â–µ –µ–±–∞–Ω–æ–µ,1,UZH,50030857,0.0,0.0,1654955574672,Makro√∂konomik I (V+√ú) (Macroeconomics I),Makro√∂konomik I
62a76f43f4cfca0021daa103,Barz=top prof,5,UZH,50038004,0.0,0.0,1655140184199,Mathematik I (V+√ú) (Mathematics I),Mathematik I
62a994676221610021ecf693,"Herr Professor Fritzl, was zum Schnitzel isch das Fach",1,UZH,50873013,0.0,0.0,1655280769376,Software Engineering (L+E),Software Engineering
62ab5c656215130021f47a9c,Dreckspr√ºefig gsi,1,UZH,50404924,0.0,0.0,1655397513218,BCH 210 Biochemistry for students of the Life Sciences,Biochemistry for students of the Life Sciences
62b02e83c5369e00219b0399,"Sehr fairi pr√ºefig, de stoff isch locker machbar und dozentin isch au cool.",5,UZH,50873019,0.0,0.0,1655740421572,Financial Reporting (L+E),Financial Reporting
62b06b75481a4a0021061bba,"If you‚Äòre not proficient in python, don‚Äòt take the course",2,UZH,51088420,0.0,0.0,1655729084554,Finance and Machine Learning (L+E),Finance and Machine Learning
62b173924826fd0021258070,eifach uswendig lerne denn easy aber trotzdem made bs (ivan isch en ehre tho),2,UZH,50792030,0.0,0.0,1655796713834,Informatik und Wirtschaft (V) (Informatics and the Economy),Informatik und Wirtschaft
62b1fdc24826fd002125b4ab,"chilligst modul aller zite. 6er wird eim nahgschmisse. de dozent isch sehr agnehm, d‚Äò√ºebige hetmer ih 5‚Äò gmacht. friedlich :-)",5,UZH,50942319,0.0,0.0,1655832073272,Computational Data Analysis,Computational Data Analysis
62b1ff804826fd002125b525,"videos zum de stoff selber erarbeite sind top. verst√§ndlich und mit de frage dezue gad no active recall ihbaut. bearbeitigszit isch aber crazy lang, es isch en rieeese ufwand. √ºebige sind guet und tutore hend en top job gleistet. s‚Äòabsolut schlimmste ah dem modul: d‚Äòdozentin. chan chuum d√ºtsch und ihri stimm isch zum schreie. ha gott dankt, dass ihri vorlesige n√∂d zwingend m√ºend ahgluegt werde. verstahn bim beste wille n√∂d, wieso mer so √∂per vorne anestellt. wenn s‚Äòd√ºtsch so schlecht isch, denn s√∂ttmers wenigstens uf englisch ahb√ºte. so wies isch eifach absolut l√§cherlich.",3,UZH,50030857,0.0,0.0,1655832642019,Makro√∂konomik I (V+√ú) (Macroeconomics I),Makro√∂konomik I
62b23d794826fd002125c3d1,Ich hoff d Pr√ºefig morn wird guet - aber ich vertrau am J√§ncke. Er isch w√ºk guet,5,UZH,50942307,0.0,0.0,1655848345322,Cognitive Neuroscience,Cognitive Neuroscience
62b23e074826fd002125c3dd,Bleidorn isch super! De Stoff chennt spannender sii,4,UZH,50942315,0.0,0.0,1655848481175,Personality Psychology,Personality Psychology
62b44deb7faad300210e8df9,"Vorlesig unn√∂tig, √ºebige vill zu schwierig. mached eifach pvk vo mathcourses, de markus rettet eu scho",1,UZH,50746043,0.0,0.0,1655983671444,MAT 184 Analysis for Chemistry,Analysis for Chemistry
62b5c09e5944380021e96ac3,"pr√ºefig het wenig mit de √ºebige z tue und isch es mega gl√ºcksspiel. min tip isch darum d √ºebige immer ahluege und au dete d formle und wichtigi erkenntnis useschribe, damit ihrs bi de pr√ºefig griffbereit hend. es isch wenig ziit f√ºr vieli ufgabe. ",3,UZH,50404924,0.0,0.0,1656078678838,BCH 210 Biochemistry for students of the Life Sciences,Biochemistry for students of the Life Sciences
62b95671714a470021df7e13,"d vorlesig isch eigentlich no interessant, au ned sehr schwer oder so, aber bi de pr√ºefig werded denn sache gfr√∂gt wo nur m√ºndlich mal churz erw√§hnt worde sind & d bewertig isch au so streng, sodass e gueti note gar ned m√∂glich isch (wenn mer normal lernt)üôÉ",2,UZH,50618832,0.0,0.0,1656336122619,Interdisziplin√§re Sichtweisen zur Frage der Verantwortung und die (Dys-) Funktionen der Finanzm√§rkte (L) (Interd. point of view on the question of responsibility and the (dys-) functions of the financial markets),Interdisziplin√§re Sichtweisen zur Frage der Verantwortung und die
62b9963a714a470021df93bb,"sehr interessants modul, aber ziemlich ufw√§ndig f√ºr 3 ECTS und pr√ºefig streng bewertet‚Ä¶ d joller isch halt eif d jollerü§∑üèΩ‚Äç‚ôÄÔ∏è",3,UZH,51098445,0.0,0.0,1656329841303,BME 248 Basics in Immunology,Basics in Immunology
62bafb4304cbb800210c42c6,"so troche und prof isch gar kei hilf, kei lernm√∂glichkeite",1,UZH,50314979,0.0,0.0,1656421212239,Behavioral Macroeconomics (V),Behavioral Macroeconomics
62bd7823c4f7bb0021e9a11a,Mega cools Seminar wom√§ sich mau usere anger√§ perspektive mit Informatik cha befass√§.,5,UZH,51088410,0.0,0.0,1656584266628,Seminar: Paradigmen der Informatik (BSc),Paradigmen der Informatik
62c5eaad6c1c2f0021a5b845,Was f√ºr e witz vo pr√ºefig,2,UZH,50019572,0.0,0.0,1657137867127,Unternehmensbewertung und M&A (L+E) (Valuation of the firm and M&A),Unternehmensbewertung und M&A
62c6af4a6c1c2f0021a5cfce,Sehr nett benotet,4,UZH,50976489,0.0,0.0,1657188188318,Netzwerkoptimierung: Theorie und Anwendungen (VU) (Theory and Applications of Network Optimization),Netzwerkoptimierung
62c948fd0acf750021d00123,Kafkaesque,1,UZH,50789189,0.0,0.0,1657358598578,Einf√ºhrung in das wissenschaftliche Arbeiten (√ú) (Introduction to scientific working),Einf√ºhrung in das wissenschaftliche Arbeiten
62ce7670b22ef200217df5bd,"De Prof git sich mega M√ºeh i sine Vorlesige und me merkt, dasses ihm wichtig isch dass t Studis m√∂glichst viel cheked und guet mitch√∂med. De Stoff isch relativ umfangrich und me mue w√§hrend em ganze Semester w√ºrkli debi si und t √úebigsbl√§tter l√∂se, s√ºs isches schwer alles inebringe ide Lernphase. ",5,UZH,50047888,0.0,0.0,1657698039849,CHE 172 Organic Chemistry for the Life Sciences,Organic Chemistry for the Life Sciences
62d57ec8ef92a60021654f43,W√ºrds n√∂mme neh ,2,UZH,50942159,0.0,0.0,1658158909684,Switzerland's Media System in Transition,Switzerland's Media System in Transition
62e7c7da2de76a002152e093,grauehaft organisiart und dr inhalt isch extrem langwilig. ds einzig guata sind d gastvortr√§g.,2,UZH,50942159,0.0,0.0,1659357180448,Switzerland's Media System in Transition,Switzerland's Media System in Transition
62ececeb2737ca00218294e0,"N√∂d immer so spannend und chli chaotisch organisiert, mer chunnt d‚ÄòUnterlage aber scho irgendwenn √ºber. D‚Äòpr√ºefig isch echt fair, eifach de Inhalt vode VL lerne, was n√∂d so vill stoff isch und denn isch mer parat f√ºr d‚ÄòPr√ºefig. Lekt√ºre brucht mer n√∂d. ",3,UZH,50942159,0.0,0.0,1659694532007,Switzerland's Media System in Transition,Switzerland's Media System in Transition
6349c35ca7b1e3002149f1dc,"De ƒåoriƒá isch en fantastische Professor, er erkl√§rt mega verst√§ndlich, unterrichtet liideschaftlich und het au mal Platz f√ºr Humor. Er nimmt sich immer Ziit, zum uf ali Frage au individuell izgah und es isch em uh wichtig, dasmers w√ºrkli verstaht.  D‚ÄôVorlesig isch w√ºrkli super organisiert, mega spannende Stoff, eifach top - mit Abstand di allerbesti Vorlesig vo allne bes etzt, 10/10!! Gn√ºsseds, vermuetlich wird n√ºt bessers meh cho.",5,UZH,50772226,0.0,0.0,1665778840332,CHE 203 Organic Chemistry I,Organic Chemistry I
